iter	MultiClass
0	-1.052933916
1	-0.998750984
2	-0.9556742772
3	-0.9094904287
4	-0.8761165981
5	-0.8459759238
6	-0.8151364113
7	-0.7868901437
8	-0.7628519865
9	-0.736023291
10	-0.7143421761
11	-0.6947753663
12	-0.6747652203
13	-0.65848452
14	-0.6406960876
15	-0.6248447296
16	-0.6121323906
17	-0.5985475342
18	-0.5860588199
19	-0.5749337278
20	-0.566664905
21	-0.5566592997
22	-0.5503111323
23	-0.5422095096
24	-0.5339527579
25	-0.5276572183
26	-0.5205566267
27	-0.5137322651
28	-0.5043735012
29	-0.4970091977
30	-0.4908725861
31	-0.4843125816
32	-0.4791545288
33	-0.4726009372
34	-0.4678388041
35	-0.4605649644
36	-0.4545500025
37	-0.4495433685
38	-0.4456403139
39	-0.4421257645
40	-0.4373625981
41	-0.4338604488
42	-0.4305382898
43	-0.4272904375
44	-0.424593957
45	-0.4208614276
46	-0.4180292609
47	-0.4151655944
48	-0.4116488733
49	-0.4094991613
50	-0.406653858
51	-0.4049233848
52	-0.4025540759
53	-0.400338019
54	-0.3971491211
55	-0.3944589833
56	-0.3911741729
57	-0.3875734751
58	-0.3842472557
59	-0.3822315697
60	-0.3787901737
61	-0.3759788121
62	-0.3737997452
63	-0.3703780254
64	-0.3670244133
65	-0.3637517793
66	-0.3599627718
67	-0.3571874098
68	-0.3540007983
69	-0.351986076
70	-0.3486765833
71	-0.3458818843
72	-0.3421203148
73	-0.340317798
74	-0.3385762422
75	-0.3370308932
76	-0.3352332423
77	-0.3332984779
78	-0.3307585523
79	-0.32903937
80	-0.3261926533
81	-0.3242240568
82	-0.3228455468
83	-0.3208832445
84	-0.3191907907
85	-0.317134715
86	-0.3154151331
87	-0.313437465
88	-0.3118692666
89	-0.309953404
90	-0.3080677282
91	-0.3047709666
92	-0.3027373117
93	-0.3005460728
94	-0.2994690095
95	-0.2982297972
96	-0.2964726104
97	-0.2952925196
98	-0.2939528363
99	-0.292523368
100	-0.2907906332
101	-0.288941397
102	-0.2874646583
103	-0.2858102988
104	-0.2840716937
105	-0.283015938
106	-0.281699749
107	-0.2804491961
108	-0.2794403184
109	-0.2783320953
110	-0.2768942151
111	-0.275770841
112	-0.2742014867
113	-0.2726829411
114	-0.2720774656
115	-0.2703098975
116	-0.2686434035
117	-0.2673828207
118	-0.2664748515
119	-0.2657101467
120	-0.2646655589
121	-0.2638720374
122	-0.2633665144
123	-0.2625716182
124	-0.261505807
125	-0.2604655076
126	-0.2592267805
127	-0.25822848
128	-0.2574398714
129	-0.2566144586
130	-0.2556328569
131	-0.2546138133
132	-0.2535176995
133	-0.2525422647
134	-0.2515263003
135	-0.2508820607
136	-0.2501240114
137	-0.2495187949
138	-0.2487197846
139	-0.2477966323
140	-0.247157683
141	-0.2459800852
142	-0.245076868
143	-0.2442015498
144	-0.2432527156
145	-0.2423105477
146	-0.2413148699
147	-0.2405679257
148	-0.2397151406
149	-0.2388581655
150	-0.2379480033
151	-0.2368987425
152	-0.2359856232
153	-0.235349263
154	-0.2345941691
155	-0.2339049094
156	-0.2333346606
157	-0.2322678698
158	-0.231818961
159	-0.2312915041
160	-0.2305017193
161	-0.2295931343
162	-0.2288781702
163	-0.2281447566
164	-0.2276683882
165	-0.2270138441
166	-0.2263593354
167	-0.2257375088
168	-0.2248648768
169	-0.2239763696
170	-0.2231575817
171	-0.2224527245
172	-0.2221417379
173	-0.2214611066
174	-0.2203811674
175	-0.2198150177
176	-0.219015886
177	-0.2183655633
178	-0.2179804344
179	-0.2173462586
180	-0.2168586656
181	-0.2159721293
182	-0.2154324399
183	-0.2148824974
184	-0.2144919564
185	-0.2141073762
186	-0.2131369106
187	-0.2123159199
188	-0.2120613868
189	-0.2116061157
190	-0.2112100624
191	-0.2106701001
192	-0.2099916901
193	-0.209312383
194	-0.2086509128
195	-0.2082893284
196	-0.2076389964
197	-0.2069612517
198	-0.2066196157
199	-0.20609126
200	-0.2056224466
201	-0.2051143559
202	-0.2047246923
203	-0.2044034553
204	-0.2041875998
205	-0.2037592124
206	-0.2032230935
207	-0.2026852471
208	-0.2024074583
209	-0.2019846057
210	-0.2015401041
211	-0.2008887775
212	-0.2005372102
213	-0.1997015639
214	-0.1993419254
215	-0.1989759649
216	-0.1985900004
217	-0.1981207449
218	-0.1977029694
219	-0.1972297038
220	-0.1966599911
221	-0.196177155
222	-0.1958331709
223	-0.1952938865
224	-0.1950856777
225	-0.1947486415
226	-0.1941806302
227	-0.1939744259
228	-0.1935723901
229	-0.1933147442
230	-0.1930421521
231	-0.1927566052
232	-0.1921565972
233	-0.191824636
234	-0.1913252802
235	-0.1909594309
236	-0.1907277972
237	-0.1905018534
238	-0.1901338085
239	-0.1895633264
240	-0.1891314561
241	-0.188819734
242	-0.1884530008
243	-0.1880931475
244	-0.1878376886
245	-0.187500668
246	-0.1871168685
247	-0.1868378576
248	-0.1864814021
249	-0.1861723302
250	-0.1857950246
251	-0.1855503166
252	-0.185175675
253	-0.1849621365
254	-0.1844359945
255	-0.1840679021
256	-0.1837505542
257	-0.1835031754
258	-0.1829564563
259	-0.1823981388
260	-0.1821491482
261	-0.1819027218
262	-0.1816750688
263	-0.1811528858
264	-0.1807697875
265	-0.1803912939
266	-0.1799324348
267	-0.1796822751
268	-0.179502176
269	-0.1792329819
270	-0.1788022491
271	-0.1786845008
272	-0.178407401
273	-0.177978515
274	-0.1778373221
275	-0.1776608482
276	-0.177388853
277	-0.1771775151
278	-0.1768695162
279	-0.1766577811
280	-0.1764492819
281	-0.1760580519
282	-0.1757326264
283	-0.1755817676
284	-0.1753197498
285	-0.1752100632
286	-0.1749342835
287	-0.1747203417
288	-0.1741618811
289	-0.1739797599
290	-0.1737483652
291	-0.1734211216
292	-0.1729952669
293	-0.1727101469
294	-0.1723603226
295	-0.1722063029
296	-0.1719755511
297	-0.1717417405
298	-0.1715579978
299	-0.1713618338
300	-0.1711395495
301	-0.1708259481
302	-0.1703386505
303	-0.1700446221
304	-0.169814972
305	-0.1694885354
306	-0.1692835504
307	-0.1689577136
308	-0.1685371397
309	-0.1682908279
310	-0.1680725505
311	-0.1678638276
312	-0.1677048116
313	-0.167549325
314	-0.1674167944
315	-0.1669632306
316	-0.1667930532
317	-0.1666439273
318	-0.166502503
319	-0.1662247155
320	-0.1659534707
321	-0.1657083126
322	-0.1655577861
323	-0.1653928342
324	-0.1652079818
325	-0.1648032726
326	-0.1645043746
327	-0.1642831153
328	-0.1640034134
329	-0.1637674876
330	-0.1636852083
331	-0.1634178054
332	-0.1632598459
333	-0.1629380242
334	-0.1626868183
335	-0.1624751098
336	-0.1623424457
337	-0.1622348638
338	-0.1620707006
339	-0.1618386863
340	-0.1617314158
341	-0.1614932453
342	-0.1612081518
343	-0.1609628614
344	-0.1607829789
345	-0.1605557951
346	-0.1603336144
347	-0.1601598663
348	-0.1598363284
349	-0.1596200129
350	-0.1594564228
351	-0.1592440725
352	-0.1590462592
353	-0.1588651549
354	-0.1586669305
355	-0.1585084496
356	-0.1583490683
357	-0.1582739504
358	-0.1581641866
359	-0.15799603
360	-0.1579012441
361	-0.1578291592
362	-0.1576678988
363	-0.1574877009
364	-0.1572720847
365	-0.1571106885
366	-0.1568885305
367	-0.1568094146
368	-0.1564671198
369	-0.1563560928
370	-0.156151148
371	-0.1560797854
372	-0.1559074061
373	-0.1557178942
374	-0.155602336
375	-0.1553687156
376	-0.1552986645
377	-0.155108214
378	-0.1549454145
379	-0.1547423351
380	-0.1544932409
381	-0.1543412738
382	-0.1542501016
383	-0.1539758796
384	-0.1537666001
385	-0.1536605488
386	-0.153486685
387	-0.1532474388
388	-0.1531315709
389	-0.1530195388
390	-0.1529302715
391	-0.1527398814
392	-0.1525967731
393	-0.1523511077
394	-0.1521561404
395	-0.151995825
396	-0.1518358846
397	-0.1516561633
398	-0.1513894241
399	-0.1512609044
400	-0.1510677857
401	-0.1509320618
402	-0.1507932273
403	-0.1504467058
404	-0.1502532034
405	-0.1500430708
406	-0.1498843727
407	-0.1498200351
408	-0.1496990895
409	-0.1495807292
410	-0.1494522946
411	-0.1493151153
412	-0.149197771
413	-0.149082489
414	-0.1489021512
415	-0.1487371514
416	-0.1486450667
417	-0.1484104618
418	-0.1482615355
419	-0.1481716957
420	-0.1479018719
421	-0.1476711215
422	-0.1475513403
423	-0.147400085
424	-0.1472644266
425	-0.1470959821
426	-0.1470385914
427	-0.1469438246
428	-0.1467870266
429	-0.1466975141
430	-0.1465600711
431	-0.1464342418
432	-0.1463914101
433	-0.1461611515
434	-0.1460585509
435	-0.1459861017
436	-0.1457631412
437	-0.145625351
438	-0.1455466029
439	-0.1454306307
440	-0.1453569252
441	-0.1452159225
442	-0.1450789551
443	-0.144994657
444	-0.144897039
445	-0.1447819889
446	-0.1446910435
447	-0.1446176592
448	-0.1444634714
449	-0.1443259437
450	-0.1441559615
451	-0.144103436
452	-0.1440369825
453	-0.1439728098
454	-0.1438572144
455	-0.1437746341
456	-0.1436784878
457	-0.143581327
458	-0.1434986111
459	-0.1433437955
460	-0.1430968726
461	-0.1428922194
462	-0.142758822
463	-0.1427030672
464	-0.1425637452
465	-0.142463584
466	-0.1423351797
467	-0.1422740937
468	-0.142170385
469	-0.1420446712
470	-0.1418390602
471	-0.1417303434
472	-0.1416616318
473	-0.1415187544
474	-0.1413607178
475	-0.1411649713
476	-0.1410781004
477	-0.1409833861
478	-0.1408671204
479	-0.1407235471
480	-0.140655455
481	-0.1405518858
482	-0.140471799
483	-0.1404091484
484	-0.1403654702
485	-0.1402962516
486	-0.1400985789
487	-0.1399603637
488	-0.1398308977
489	-0.1395832873
490	-0.1394889065
491	-0.1394402996
492	-0.1393452011
493	-0.1391949402
494	-0.1390943031
495	-0.1390294441
496	-0.1389099509
497	-0.1387971833
498	-0.1387447822
499	-0.1386463921
500	-0.1385064543
501	-0.1384410658
502	-0.1383444585
503	-0.138128737
504	-0.1379864995
505	-0.1378720311
506	-0.1378160734
507	-0.1377229171
508	-0.1376346846
509	-0.137556324
510	-0.1374974695
511	-0.137409653
512	-0.1373278955
513	-0.1372584018
514	-0.1371836431
515	-0.1370911169
516	-0.1370089108
517	-0.136889891
518	-0.136852424
519	-0.1367745558
520	-0.1365286146
521	-0.1364241778
522	-0.1362915941
523	-0.1362079236
524	-0.1361181134
525	-0.1359656751
526	-0.1359371122
527	-0.1358893528
528	-0.1357720277
529	-0.1356750739
530	-0.1355728283
531	-0.1354914559
532	-0.1353506173
533	-0.1352714184
534	-0.1352162184
535	-0.1351168568
536	-0.1350037684
537	-0.1349556929
538	-0.1347903999
539	-0.1347055039
540	-0.1346328706
541	-0.1345015422
542	-0.134394704
543	-0.1343508858
544	-0.1342293104
545	-0.134165652
546	-0.1340941118
547	-0.1339991538
548	-0.1339008737
549	-0.1338277051
550	-0.1336917352
551	-0.133586642
552	-0.1334693697
553	-0.1332600912
554	-0.1331540887
555	-0.1331048903
556	-0.1329765789
557	-0.1329106235
558	-0.1327664535
559	-0.1327038982
560	-0.1326502882
561	-0.1325963179
562	-0.132492582
563	-0.1324387425
564	-0.132414905
565	-0.1323000768
566	-0.1322599759
567	-0.1321555747
568	-0.1321071916
569	-0.1320781042
570	-0.1320095957
571	-0.1319228443
572	-0.1318714238
573	-0.1318116404
574	-0.1317388222
575	-0.1315813321
576	-0.1315281446
577	-0.1313762587
578	-0.1313191969
579	-0.1312624881
580	-0.131238966
581	-0.1311797452
582	-0.1311439833
583	-0.1310661353
584	-0.1309536715
585	-0.1308967315
586	-0.130738818
587	-0.1307011894
588	-0.1306364784
589	-0.1305967807
590	-0.1304776905
591	-0.1304195836
592	-0.130315521
593	-0.1302283272
594	-0.130161569
595	-0.1301021339
596	-0.129983642
597	-0.1298678797
598	-0.1298130874
599	-0.1297119985
600	-0.1296309047
601	-0.1296013357
602	-0.1295277897
603	-0.1294639504
604	-0.1293695359
605	-0.1292820561
606	-0.129223965
607	-0.1291204074
608	-0.1290394548
609	-0.1289448476
610	-0.1288755308
611	-0.1288138334
612	-0.1287467117
613	-0.1286876413
614	-0.1286031752
615	-0.1285331592
616	-0.1283979025
617	-0.1283437026
618	-0.1282489316
619	-0.1281700668
620	-0.1281277745
621	-0.128051494
622	-0.1280110441
623	-0.1279571437
624	-0.12790911
625	-0.1278557588
626	-0.1277318198
627	-0.1276865775
628	-0.1276373521
629	-0.1275392275
630	-0.1274762747
631	-0.127431907
632	-0.127384182
633	-0.1273246215
634	-0.1272661796
635	-0.1271862629
636	-0.1271287876
637	-0.1270583059
638	-0.1270179121
639	-0.1268902556
640	-0.126826162
641	-0.1267338809
642	-0.1266811022
643	-0.1266448238
644	-0.1265914497
645	-0.1265183171
646	-0.1264506372
647	-0.1263990566
648	-0.1263063615
649	-0.1261618482
650	-0.126098849
651	-0.126064581
652	-0.1259839695
653	-0.1259240558
654	-0.1258481423
655	-0.1257982669
656	-0.125735162
657	-0.125700392
658	-0.1256322366
659	-0.1255857465
660	-0.1255557729
661	-0.1254707239
662	-0.1254206342
663	-0.1253622016
664	-0.1253237939
665	-0.125281043
666	-0.1252440907
667	-0.125114927
668	-0.1250426096
669	-0.1249050533
670	-0.1248727236
671	-0.1248206897
672	-0.1247567613
673	-0.1246654319
674	-0.1246168136
675	-0.1245768724
676	-0.1245102125
677	-0.1244268475
678	-0.1243799704
679	-0.1243190917
680	-0.1242438675
681	-0.1241807785
682	-0.1241576603
683	-0.1241212729
684	-0.1240940317
685	-0.1240378501
686	-0.1239626888
687	-0.1239291261
688	-0.1238787929
689	-0.123830017
690	-0.1238056803
691	-0.1237360219
692	-0.1236322707
693	-0.1235838381
694	-0.1235558348
695	-0.1234732251
696	-0.123403868
697	-0.1233664236
698	-0.123254063
699	-0.123205522
700	-0.1231218515
701	-0.1230606035
702	-0.1229645619
703	-0.122874345
704	-0.1228543275
705	-0.1228027122
706	-0.1227596662
707	-0.122726584
708	-0.122682827
709	-0.1226398457
710	-0.1225512798
711	-0.1225012466
712	-0.1224150691
713	-0.122385725
714	-0.1223578423
715	-0.1222955976
716	-0.1222109119
717	-0.1221500966
718	-0.1220867663
719	-0.1220423469
720	-0.1220199885
721	-0.1219862155
722	-0.1219552095
723	-0.1219243806
724	-0.1218637617
725	-0.1217974374
726	-0.1217317698
727	-0.1216995959
728	-0.1216439549
729	-0.1216093463
730	-0.121560941
731	-0.1215269668
732	-0.1215036339
733	-0.1214892447
734	-0.1214485514
735	-0.1214087771
736	-0.1213745625
737	-0.1213392255
738	-0.1212899432
739	-0.1212060898
740	-0.1211576871
741	-0.1210925417
742	-0.1210377317
743	-0.1209717708
744	-0.1209159487
745	-0.1208456686
746	-0.1208222095
747	-0.1207712602
748	-0.1207187853
749	-0.1206856654
750	-0.1206145408
751	-0.1205890942
752	-0.1205635626
753	-0.120507744
754	-0.1204489091
755	-0.1204076782
756	-0.1203554795
757	-0.1203081483
758	-0.1202692628
759	-0.1202334498
760	-0.1202050317
761	-0.1201676765
762	-0.1200566093
763	-0.1200228018
764	-0.1199471654
765	-0.1198915114
766	-0.1198274535
767	-0.1197423951
768	-0.1196394648
769	-0.1196176912
770	-0.1195732214
771	-0.1195565351
772	-0.1195176158
773	-0.1194752824
774	-0.1194357291
775	-0.1193848987
776	-0.1193473495
777	-0.1193090356
778	-0.1192737905
779	-0.1192428907
780	-0.1192041452
781	-0.1191308205
782	-0.1191088992
783	-0.1190924339
784	-0.1190411018
785	-0.1190070025
786	-0.1189656848
787	-0.1189198835
788	-0.1188622965
789	-0.1188267116
790	-0.1187792036
791	-0.1187430835
792	-0.1186983654
793	-0.1186573342
794	-0.1186088995
795	-0.1185641644
796	-0.1185190916
797	-0.1184671255
798	-0.1184398402
799	-0.1184006262
800	-0.1183405862
801	-0.11825991
802	-0.118204437
803	-0.1181617905
804	-0.1181268785
805	-0.118015485
806	-0.1179114203
807	-0.1178678977
808	-0.1178296525
809	-0.11781345
810	-0.1177815342
811	-0.1177137605
812	-0.1176780469
813	-0.1176496476
814	-0.1175894966
815	-0.1175522149
816	-0.117504392
817	-0.1174552045
818	-0.1174129891
819	-0.1173866606
820	-0.1173746618
821	-0.1173458133
822	-0.1173019441
823	-0.1172793904
824	-0.1172638365
825	-0.1172263886
826	-0.1171925053
827	-0.1171582089
828	-0.1171324884
829	-0.1171227745
830	-0.1170821841
831	-0.1170606398
832	-0.1170190184
833	-0.1169820144
834	-0.1169575208
835	-0.1169148666
836	-0.1168891921
837	-0.1168713348
838	-0.1168142381
839	-0.11675359
840	-0.1166970797
841	-0.1166578391
842	-0.1166229064
843	-0.1165899337
844	-0.1165593807
845	-0.1165190863
846	-0.1164851515
847	-0.1164529509
848	-0.1163844826
849	-0.1163633137
850	-0.116324206
851	-0.1162714198
852	-0.1162392712
853	-0.1162224558
854	-0.1161888013
855	-0.1161440384
856	-0.1160780254
857	-0.1160425992
858	-0.115984722
859	-0.1159547249
860	-0.1158999008
861	-0.1158497154
862	-0.115811825
863	-0.1157827329
864	-0.1157223956
865	-0.1156809028
866	-0.1156321939
867	-0.115611767
868	-0.1155630225
869	-0.1155372347
870	-0.1154532724
871	-0.1154272889
872	-0.1154128625
873	-0.115392666
874	-0.1153456805
875	-0.11530937
876	-0.1152444944
877	-0.1151862081
878	-0.1151611937
879	-0.1151440011
880	-0.1150880487
881	-0.1150578766
882	-0.1150152259
883	-0.1149769608
884	-0.1149449342
885	-0.1149182882
886	-0.1148951898
887	-0.1148386764
888	-0.1147916745
889	-0.1147578011
890	-0.1147253332
891	-0.1146985517
892	-0.114666835
893	-0.1146167851
894	-0.1146002087
895	-0.1145620401
896	-0.1144584493
897	-0.1144270862
898	-0.1143919444
899	-0.1143480075
900	-0.114323901
901	-0.1143039982
902	-0.1142707671
903	-0.114200593
904	-0.1141797991
905	-0.1141458839
906	-0.1140985786
907	-0.1140320215
908	-0.1140177891
909	-0.113999417
910	-0.1139724888
911	-0.1139449857
912	-0.1139228461
913	-0.1139028486
914	-0.1138793865
915	-0.1138464077
916	-0.1138267084
917	-0.1138005545
918	-0.113776188
919	-0.1137455799
920	-0.1137300543
921	-0.1136659694
922	-0.1136041176
923	-0.1135623336
924	-0.1135183951
925	-0.1134986776
926	-0.1134419075
927	-0.1134102478
928	-0.1133972549
929	-0.1133650417
930	-0.1133473707
931	-0.1133259278
932	-0.1132524195
933	-0.1132203386
934	-0.1131748029
935	-0.1131104618
936	-0.1130904146
937	-0.1130628598
938	-0.1130326746
939	-0.1129667263
940	-0.1129101866
941	-0.1128371844
942	-0.1127851481
943	-0.1127532704
944	-0.1127279291
945	-0.1126918518
946	-0.1126622309
947	-0.1126336804
948	-0.1125876917
949	-0.1125270489
950	-0.1125037307
951	-0.1124512945
952	-0.112428388
953	-0.1124002334
954	-0.1123783482
955	-0.1123255297
956	-0.1122990124
957	-0.1122830438
958	-0.1122573916
959	-0.1122327835
960	-0.1122057126
961	-0.1121626807
962	-0.1121350839
963	-0.1120998815
964	-0.1120870193
965	-0.1120558651
966	-0.11202967
967	-0.1119719781
968	-0.1119558375
969	-0.1119313499
970	-0.1118941212
971	-0.1118798112
972	-0.111856099
973	-0.1118251273
974	-0.11179179
975	-0.1117764988
976	-0.1117523377
977	-0.1117321634
978	-0.1117181065
979	-0.1116954662
980	-0.1116881104
981	-0.1116714093
982	-0.1115947239
983	-0.1115763612
984	-0.1115287472
985	-0.1114716371
986	-0.1114505491
987	-0.1114222191
988	-0.1114125498
989	-0.1113990097
990	-0.1113691858
991	-0.1113100708
992	-0.1112990332
993	-0.1112868628
994	-0.1112588568
995	-0.1112155913
996	-0.1111909421
997	-0.1111656408
998	-0.1111515211
999	-0.1111225534
1000	-0.1110668903
1001	-0.1110368459
1002	-0.111017464
1003	-0.1110044428
1004	-0.1109783134
1005	-0.1109526952
1006	-0.1109285336
1007	-0.1109171921
1008	-0.1108951693
1009	-0.1108805556
1010	-0.1108695896
1011	-0.1108473195
1012	-0.1108264877
1013	-0.1108220317
1014	-0.110799497
1015	-0.1107772909
1016	-0.1107612285
1017	-0.1107447051
1018	-0.1107091224
1019	-0.1106934328
1020	-0.1106526976
1021	-0.1106134101
1022	-0.1105874524
1023	-0.1105761983
1024	-0.1105610811
1025	-0.1104845555
1026	-0.1104682118
1027	-0.1104485054
1028	-0.1104277274
1029	-0.1104085702
1030	-0.1103989073
1031	-0.1103811133
1032	-0.1103344656
1033	-0.1103237686
1034	-0.1103015584
1035	-0.1102637463
1036	-0.1102365893
1037	-0.1101943887
1038	-0.1101815352
1039	-0.1101631394
1040	-0.1101376344
1041	-0.1101149501
1042	-0.1100911129
1043	-0.110063992
1044	-0.1100108984
1045	-0.1099849535
1046	-0.1099738013
1047	-0.1099607538
1048	-0.1099463215
1049	-0.1099299354
1050	-0.1098934079
1051	-0.1098565173
1052	-0.1097937333
1053	-0.1097303979
1054	-0.1097060483
1055	-0.109686084
1056	-0.1096707893
1057	-0.1096460184
1058	-0.1096313933
1059	-0.1095946837
1060	-0.1095685529
1061	-0.1095565941
1062	-0.1094901669
1063	-0.1094614339
1064	-0.1094450823
1065	-0.109434035
1066	-0.109412175
1067	-0.1093759576
1068	-0.1093488542
1069	-0.1093367416
1070	-0.1093007495
1071	-0.109273759
1072	-0.1092501575
1073	-0.1092042663
1074	-0.1091847702
1075	-0.1091514093
1076	-0.1091308931
1077	-0.1091125872
1078	-0.1091018958
1079	-0.1090797767
1080	-0.109071717
1081	-0.1090564237
1082	-0.1090382235
1083	-0.109026074
1084	-0.1090099745
1085	-0.1089912941
1086	-0.1089562234
1087	-0.108927019
1088	-0.1088848627
1089	-0.1088601004
1090	-0.1088371112
1091	-0.1088130366
1092	-0.1087841132
1093	-0.1087648896
1094	-0.1087496266
1095	-0.1087225009
1096	-0.1087080135
1097	-0.1086856849
1098	-0.108679018
1099	-0.1086705915
1100	-0.108654839
1101	-0.1086402305
1102	-0.1086244051
1103	-0.1086098328
1104	-0.108594088
1105	-0.108563571
1106	-0.1085310599
1107	-0.10850114
1108	-0.1084856762
1109	-0.1084707888
1110	-0.108408996
1111	-0.1083940082
1112	-0.1083686345
1113	-0.1083522196
1114	-0.1083291845
1115	-0.1083055715
1116	-0.108279105
1117	-0.1082370115
1118	-0.1082095139
1119	-0.1081965195
1120	-0.1081760238
1121	-0.1081622548
1122	-0.1081385926
1123	-0.1081189012
1124	-0.1080821581
1125	-0.1080651576
1126	-0.108055031
1127	-0.1080035518
1128	-0.107953601
1129	-0.1079347185
1130	-0.1079084163
1131	-0.1078979451
1132	-0.1078587985
1133	-0.1078280455
1134	-0.107815103
1135	-0.1077799657
1136	-0.1077751332
1137	-0.1077665338
1138	-0.1077452321
1139	-0.1077324687
1140	-0.1077162776
1141	-0.1076900712
1142	-0.1076716707
1143	-0.1076588602
1144	-0.10765245
1145	-0.1076337425
1146	-0.1076259012
1147	-0.1075804302
1148	-0.1075516985
1149	-0.1075340584
1150	-0.1075122513
1151	-0.1074497696
1152	-0.1074264442
1153	-0.1074173052
1154	-0.1073902865
1155	-0.1073769367
1156	-0.107359557
1157	-0.1073323882
1158	-0.1073186558
1159	-0.1072885204
1160	-0.1072633229
1161	-0.1072407013
1162	-0.107225643
1163	-0.1072023335
1164	-0.1071949351
1165	-0.1071748659
1166	-0.1071551615
1167	-0.1071300934
1168	-0.107113283
1169	-0.1070751041
1170	-0.1070576137
1171	-0.1070246941
1172	-0.1070078829
1173	-0.1069628135
1174	-0.1069534957
1175	-0.1069326442
1176	-0.1069115877
1177	-0.1069002346
1178	-0.1068728675
1179	-0.1068414614
1180	-0.1068092472
1181	-0.1067963384
1182	-0.106770927
1183	-0.1067491934
1184	-0.1067211046
1185	-0.1067021627
1186	-0.1066933674
1187	-0.1066726332
1188	-0.1066633833
1189	-0.1066404019
1190	-0.1066240015
1191	-0.1065954219
1192	-0.1065822607
1193	-0.1065496035
1194	-0.1065119807
1195	-0.1064998883
1196	-0.1064845017
1197	-0.1064668963
1198	-0.1064548275
1199	-0.1064227624
1200	-0.1063942005
1201	-0.1063772773
1202	-0.1063616291
1203	-0.1063443659
1204	-0.1063382901
1205	-0.1063190045
1206	-0.106310459
1207	-0.1062892265
1208	-0.1062766371
1209	-0.106255528
1210	-0.1062412636
1211	-0.1062280222
1212	-0.1062126475
1213	-0.1061925208
1214	-0.1061698563
1215	-0.1061615691
1216	-0.1061489399
1217	-0.1061401153
1218	-0.1061150763
1219	-0.1060890015
1220	-0.1060746324
1221	-0.1060698008
1222	-0.1060278475
1223	-0.1060013321
1224	-0.1059805121
1225	-0.1059727767
1226	-0.1059526463
1227	-0.1059372441
1228	-0.1059193908
1229	-0.1058948627
1230	-0.1058693169
1231	-0.105855889
1232	-0.10584057
1233	-0.1058221494
1234	-0.1058070288
1235	-0.1057975806
1236	-0.1057822573
1237	-0.1057436481
1238	-0.1057236847
1239	-0.1057031718
1240	-0.1056529119
1241	-0.1056406378
1242	-0.1056344647
1243	-0.1056214599
1244	-0.105611817
1245	-0.1055955552
1246	-0.105583212
1247	-0.1055376663
1248	-0.1055182923
1249	-0.1054961322
1250	-0.1054592052
1251	-0.105452172
1252	-0.1054440871
1253	-0.1054299656
1254	-0.105415812
1255	-0.1054017117
1256	-0.1053767942
1257	-0.1053427353
1258	-0.105327576
1259	-0.1053092194
1260	-0.1052985989
1261	-0.1052825008
1262	-0.1052685536
1263	-0.1052517445
1264	-0.1052287467
1265	-0.1052215694
1266	-0.105197151
1267	-0.1051823805
1268	-0.1051663451
1269	-0.1051434141
1270	-0.1051176881
1271	-0.1050970324
1272	-0.1050652321
1273	-0.1050462884
1274	-0.105037003
1275	-0.1050029116
1276	-0.1049898889
1277	-0.1049668968
1278	-0.1049473017
1279	-0.1049348179
1280	-0.1048942901
1281	-0.1048654015
1282	-0.104833919
1283	-0.104822054
1284	-0.1047987391
1285	-0.1047761921
1286	-0.1047678043
1287	-0.1047530788
1288	-0.1047412129
1289	-0.1047301536
1290	-0.1047236833
1291	-0.1047105252
1292	-0.104698367
1293	-0.1046593947
1294	-0.1046424442
1295	-0.1046373352
1296	-0.1046214077
1297	-0.1046007069
1298	-0.1045807649
1299	-0.10457345
1300	-0.1045574142
1301	-0.1045316638
1302	-0.1045180183
1303	-0.1044815946
1304	-0.1044621566
1305	-0.1044368246
1306	-0.1044141556
1307	-0.1043871338
1308	-0.1043768657
1309	-0.1043543433
1310	-0.1043488862
1311	-0.1043279349
1312	-0.1042941124
1313	-0.104287108
1314	-0.1042711542
1315	-0.1042626149
1316	-0.1042533119
1317	-0.1042346095
1318	-0.104224254
1319	-0.1042136289
1320	-0.1041986801
1321	-0.1041584172
1322	-0.1041490512
1323	-0.1041394532
1324	-0.1041242855
1325	-0.1041111686
1326	-0.1040995822
1327	-0.1040837893
1328	-0.1040670656
1329	-0.1040591604
1330	-0.1040378725
1331	-0.1040289959
1332	-0.1039958565
1333	-0.1039819729
1334	-0.10397088
1335	-0.1039544531
1336	-0.1039318698
1337	-0.1039242589
1338	-0.1039164341
1339	-0.1039005578
1340	-0.1038880693
1341	-0.1038749517
1342	-0.1038605377
1343	-0.103853107
1344	-0.1038417465
1345	-0.1038276703
1346	-0.1038049262
1347	-0.1037899201
1348	-0.1037750498
1349	-0.1037620893
1350	-0.1037544362
1351	-0.1037253654
1352	-0.1037059433
1353	-0.1036886259
1354	-0.1036708297
1355	-0.1036568248
1356	-0.1036271596
1357	-0.1036127685
1358	-0.1035911692
1359	-0.1035842726
1360	-0.1035711838
1361	-0.1035437723
1362	-0.1035235997
1363	-0.1035190315
1364	-0.1035100496
1365	-0.1034908343
1366	-0.1034768159
1367	-0.1034614789
1368	-0.1034472409
1369	-0.1034349354
1370	-0.1034186697
1371	-0.1034017975
1372	-0.103373143
1373	-0.1033634829
1374	-0.1033440194
1375	-0.1033306933
1376	-0.1033164914
1377	-0.1033026051
1378	-0.1032932576
1379	-0.1032556131
1380	-0.1032324859
1381	-0.1032073114
1382	-0.1031937976
1383	-0.1031896933
1384	-0.1031637427
1385	-0.103154849
1386	-0.1031347622
1387	-0.1031238871
1388	-0.1030976749
1389	-0.1030754723
1390	-0.1030649175
1391	-0.1030452699
1392	-0.1030397377
1393	-0.1030376625
1394	-0.103026095
1395	-0.1030081385
1396	-0.1029990904
1397	-0.1029706082
1398	-0.102957256
1399	-0.1029464743
1400	-0.1029227578
1401	-0.1029140092
1402	-0.1029027702
1403	-0.10288541
1404	-0.1028771185
1405	-0.1028571383
1406	-0.1028489319
1407	-0.1028447966
1408	-0.1028323437
1409	-0.1028192223
1410	-0.1028056728
1411	-0.1027938756
1412	-0.1027701607
1413	-0.1027582394
1414	-0.1027254719
1415	-0.1027154979
1416	-0.1027045543
1417	-0.102665996
1418	-0.1026270602
1419	-0.1026114735
1420	-0.1025945082
1421	-0.1025798729
1422	-0.1025603314
1423	-0.1025476346
1424	-0.102542986
1425	-0.1025286529
1426	-0.1025210987
1427	-0.1025078074
1428	-0.1024972934
1429	-0.1024891594
1430	-0.1024724285
1431	-0.1024647585
1432	-0.1024561268
1433	-0.1024513853
1434	-0.1024288963
1435	-0.1024147507
1436	-0.1023915944
1437	-0.1023701422
1438	-0.1023564
1439	-0.1023246738
1440	-0.1023169756
1441	-0.1023053432
1442	-0.1022947472
1443	-0.1022843093
1444	-0.1022515921
1445	-0.1022395417
1446	-0.1022217499
1447	-0.102209951
1448	-0.1022015049
1449	-0.1021931554
1450	-0.102169549
1451	-0.1021549394
1452	-0.1021339594
1453	-0.1021164019
1454	-0.1021061922
1455	-0.1020979493
1456	-0.1020903064
1457	-0.1020701406
1458	-0.1020523702
1459	-0.1020405869
1460	-0.1020321384
1461	-0.1020226269
1462	-0.102002148
1463	-0.1019870422
1464	-0.1019687739
1465	-0.1019481258
1466	-0.1019360152
1467	-0.1019229803
1468	-0.1019097214
1469	-0.1019001892
1470	-0.1018852894
1471	-0.1018691474
1472	-0.1018503724
1473	-0.101837693
1474	-0.1018304514
1475	-0.1018188661
1476	-0.1018017011
1477	-0.1017697815
1478	-0.1017544332
1479	-0.1017434361
1480	-0.1017394057
1481	-0.1017268484
1482	-0.1017215878
1483	-0.1016954037
1484	-0.1016829819
1485	-0.101675449
1486	-0.1016588051
1487	-0.1016468777
1488	-0.1016325294
1489	-0.101626531
1490	-0.1016218647
1491	-0.1016094799
1492	-0.1015947983
1493	-0.101587748
1494	-0.1015827083
1495	-0.1015749999
1496	-0.1015571192
1497	-0.1015523847
1498	-0.1015164929
1499	-0.1015066011
1500	-0.1014927727
1501	-0.1014707755
1502	-0.1014623419
1503	-0.1014538209
1504	-0.1014416211
1505	-0.1014394461
1506	-0.1014304813
1507	-0.1014200908
1508	-0.1014066034
1509	-0.1013946876
1510	-0.1013771697
1511	-0.101363228
1512	-0.1013511336
1513	-0.1013352246
1514	-0.1013218729
1515	-0.1013148357
1516	-0.1013092453
1517	-0.1012865985
1518	-0.1012723404
1519	-0.1012653702
1520	-0.1012429714
1521	-0.1012309528
1522	-0.1012173447
1523	-0.101199113
1524	-0.1011821265
1525	-0.1011504037
1526	-0.1011417843
1527	-0.1011257405
1528	-0.1011061751
1529	-0.1010755248
1530	-0.1010685978
1531	-0.1010627339
1532	-0.1010503911
1533	-0.1010431688
1534	-0.1010276641
1535	-0.1010159378
1536	-0.1010023374
1537	-0.1009944823
1538	-0.1009812623
1539	-0.1009677609
1540	-0.1009605966
1541	-0.1009407451
1542	-0.1009268321
1543	-0.1009199474
1544	-0.1008828938
1545	-0.1008739942
1546	-0.1008605536
1547	-0.10085093
1548	-0.1008414154
1549	-0.1008371797
1550	-0.1008250112
1551	-0.1008024261
1552	-0.1007935669
1553	-0.1007699844
1554	-0.1007568539
1555	-0.1007489457
1556	-0.1007413239
1557	-0.1007229422
1558	-0.1007165376
1559	-0.1007030099
1560	-0.1006923277
1561	-0.1006671045
1562	-0.1006586438
1563	-0.1006526284
1564	-0.1006447162
1565	-0.1006297194
1566	-0.1006228091
1567	-0.1006183911
1568	-0.1006091328
1569	-0.1006018015
1570	-0.100578258
1571	-0.100569402
1572	-0.1005377407
1573	-0.1005209164
1574	-0.1005056891
1575	-0.1004998668
1576	-0.1004896001
1577	-0.1004822701
1578	-0.1004752395
1579	-0.1004600512
1580	-0.1004470364
1581	-0.1004174076
1582	-0.1004092292
1583	-0.1004000549
1584	-0.1003894695
1585	-0.1003764306
1586	-0.1003662792
1587	-0.1003601279
1588	-0.1003538759
1589	-0.1003467238
1590	-0.1003442025
1591	-0.1003375993
1592	-0.1003318006
1593	-0.1003156222
1594	-0.1003105991
1595	-0.1002988197
1596	-0.10027398
1597	-0.1002676409
1598	-0.1002569473
1599	-0.1002419976
1600	-0.1002126859
1601	-0.1002033717
1602	-0.1001753054
1603	-0.1001694255
1604	-0.1001660563
1605	-0.1001551067
1606	-0.1001492769
1607	-0.1001388081
1608	-0.1001328129
1609	-0.1001270876
1610	-0.1000879042
1611	-0.100079886
1612	-0.1000716771
1613	-0.1000670068
1614	-0.1000522718
1615	-0.1000434768
1616	-0.1000375398
1617	-0.1000179126
1618	-0.1000103729
1619	-0.1000007972
1620	-0.0999898978
1621	-0.0999823347
1622	-0.09997661052
1623	-0.09996576417
1624	-0.0999573514
1625	-0.09995033073
1626	-0.09992606971
1627	-0.09991904681
1628	-0.09991447929
1629	-0.09990237059
1630	-0.09989019714
1631	-0.09988233962
1632	-0.09987296995
1633	-0.09986219758
1634	-0.09985332028
1635	-0.09983860749
1636	-0.09983694287
1637	-0.09983384727
1638	-0.09982285422
1639	-0.09981649367
1640	-0.09981242908
1641	-0.09980500985
1642	-0.09979733708
1643	-0.09978807557
1644	-0.0997760121
1645	-0.09976258416
1646	-0.09975613364
1647	-0.09974568262
1648	-0.09973592353
1649	-0.09972096805
1650	-0.09971010721
1651	-0.09970429342
1652	-0.09968844821
1653	-0.0996816154
1654	-0.09967318485
1655	-0.0996666837
1656	-0.09964592333
1657	-0.09963800754
1658	-0.09962994818
1659	-0.0996160402
1660	-0.09959989724
1661	-0.09958249685
1662	-0.09957852255
1663	-0.09956035923
1664	-0.09955183543
1665	-0.09954392775
1666	-0.09952978384
1667	-0.09952168854
1668	-0.0995091371
1669	-0.09950133073
1670	-0.09947988403
1671	-0.09947387131
1672	-0.09945575879
1673	-0.09943047205
1674	-0.09941405329
1675	-0.09940142394
1676	-0.09938730197
1677	-0.09936804788
1678	-0.09936063144
1679	-0.09934696539
1680	-0.09934092959
1681	-0.09931271411
1682	-0.09930258754
1683	-0.09929933674
1684	-0.09929138123
1685	-0.09928210481
1686	-0.0992727027
1687	-0.09926448359
1688	-0.09925579161
1689	-0.0992518962
1690	-0.09923745366
1691	-0.09922885154
1692	-0.09921239677
1693	-0.0991994705
1694	-0.09918379855
1695	-0.09916560282
1696	-0.09915834446
1697	-0.09914080626
1698	-0.09913588364
1699	-0.09912223171
1700	-0.09911455588
1701	-0.09910943893
1702	-0.09910014408
1703	-0.09908826073
1704	-0.09908182926
1705	-0.09907661813
1706	-0.09906784647
1707	-0.09906152859
1708	-0.09905275237
1709	-0.09904206464
1710	-0.09903594195
1711	-0.09902372783
1712	-0.09901240971
1713	-0.09900394294
1714	-0.09899964094
1715	-0.09899478229
1716	-0.09898786344
1717	-0.09898407077
1718	-0.0989583311
1719	-0.09895614993
1720	-0.09895104165
1721	-0.09894652587
1722	-0.09892534121
1723	-0.09891932913
1724	-0.09891159364
1725	-0.09890525177
1726	-0.09889620092
1727	-0.09888056332
1728	-0.09886743412
1729	-0.09886422561
1730	-0.09885366096
1731	-0.09884595826
1732	-0.09881611146
1733	-0.09880354667
1734	-0.09878281479
1735	-0.09876944005
1736	-0.09876196295
1737	-0.09875484988
1738	-0.09875061205
1739	-0.09873907301
1740	-0.09873453654
1741	-0.09873136798
1742	-0.09872341402
1743	-0.09871603129
1744	-0.09869665008
1745	-0.09869101825
1746	-0.09868279671
1747	-0.09867212776
1748	-0.09866748097
1749	-0.0986600021
1750	-0.0986517024
1751	-0.09864411728
1752	-0.09864160265
1753	-0.09863950733
1754	-0.09862486847
1755	-0.09861679813
1756	-0.09860562179
1757	-0.09858997594
1758	-0.09858150959
1759	-0.09857288793
1760	-0.09856670108
1761	-0.0985624968
1762	-0.09854954009
1763	-0.09854443089
1764	-0.0985364535
1765	-0.09852556245
1766	-0.0985184557
1767	-0.098509006
1768	-0.09850272008
1769	-0.09848957737
1770	-0.0984843258
1771	-0.09847712864
1772	-0.09846992014
1773	-0.09846223663
1774	-0.09845311706
1775	-0.09844565597
1776	-0.09843197487
1777	-0.09842324496
1778	-0.09841714204
1779	-0.09840965586
1780	-0.09840527636
1781	-0.09840146423
1782	-0.09838307632
1783	-0.09837501899
1784	-0.09836891441
1785	-0.09835907923
1786	-0.09835390982
1787	-0.09833442807
1788	-0.09833059762
1789	-0.09832316286
1790	-0.09831642889
1791	-0.09830688087
1792	-0.09829974241
1793	-0.09829061898
1794	-0.0982705037
1795	-0.09826588962
1796	-0.09825967509
1797	-0.09825394974
1798	-0.09824494218
1799	-0.0982279192
1800	-0.09822031435
1801	-0.0982139776
1802	-0.09820855169
1803	-0.09819651677
1804	-0.09818128058
1805	-0.09815600197
1806	-0.09815090969
1807	-0.09814310027
1808	-0.09813567636
1809	-0.09812604258
1810	-0.09811828184
1811	-0.09810422253
1812	-0.098098532
1813	-0.09809260904
1814	-0.0980833593
1815	-0.098075656
1816	-0.09807212229
1817	-0.09806637885
1818	-0.09805956093
1819	-0.0980517283
1820	-0.09804383365
1821	-0.09802552546
1822	-0.09801983978
1823	-0.09801482498
1824	-0.09800274108
1825	-0.09799865465
1826	-0.09798322421
1827	-0.09797766319
1828	-0.09797362823
1829	-0.09796645582
1830	-0.09794762222
1831	-0.09792657471
1832	-0.09791872307
1833	-0.09791064169
1834	-0.09790139091
1835	-0.09789498445
1836	-0.09789204882
1837	-0.09788053067
1838	-0.09786200487
1839	-0.09785639119
1840	-0.09785042831
1841	-0.09783838893
1842	-0.09782930878
1843	-0.09782152987
1844	-0.09781888552
1845	-0.09781537752
1846	-0.09780723456
1847	-0.09778626503
1848	-0.09777913578
1849	-0.09777186724
1850	-0.09776677005
1851	-0.0977601177
1852	-0.09775478044
1853	-0.09775121588
1854	-0.0977438673
1855	-0.0977225662
1856	-0.09771095979
1857	-0.09770731294
1858	-0.09770183917
1859	-0.0976984272
1860	-0.09768891886
1861	-0.09768195296
1862	-0.09767788491
1863	-0.09766002065
1864	-0.09765408746
1865	-0.09764697932
1866	-0.09763918997
1867	-0.09763560854
1868	-0.09763128587
1869	-0.09762783166
1870	-0.09761496427
1871	-0.09760623995
1872	-0.09760043579
1873	-0.09758688188
1874	-0.09758132586
1875	-0.09757929077
1876	-0.09756860837
1877	-0.09756169557
1878	-0.09755548514
1879	-0.09753682588
1880	-0.09752449622
1881	-0.09750985442
1882	-0.09750294733
1883	-0.09749459451
1884	-0.09747738492
1885	-0.09747029666
1886	-0.09745816839
1887	-0.09745417177
1888	-0.09744958742
1889	-0.09744162629
1890	-0.09743422866
1891	-0.09742594155
1892	-0.0974137992
1893	-0.09741053495
1894	-0.09740090934
1895	-0.09739757946
1896	-0.09738393484
1897	-0.09737740451
1898	-0.09736961743
1899	-0.09735994672
1900	-0.09735491089
1901	-0.09734731528
1902	-0.09734327239
1903	-0.09733728972
1904	-0.09733375399
1905	-0.09732748133
1906	-0.09731783862
1907	-0.09730984777
1908	-0.09728943886
1909	-0.09728327441
1910	-0.09727966978
1911	-0.09726030751
1912	-0.0972539597
1913	-0.097242731
1914	-0.09722883412
1915	-0.09722260768
1916	-0.09721899291
1917	-0.0972112464
1918	-0.09718402223
1919	-0.0971791591
1920	-0.09717424751
1921	-0.09716949677
1922	-0.09716352064
1923	-0.09715102348
1924	-0.09713776861
1925	-0.09712067011
1926	-0.09711098525
1927	-0.09710821479
1928	-0.0970975858
1929	-0.09708678774
1930	-0.09708113063
1931	-0.09707390786
1932	-0.09706772303
1933	-0.09706255397
1934	-0.09705543687
1935	-0.09704829439
1936	-0.09704291729
1937	-0.09703769788
1938	-0.0970347343
1939	-0.09702834554
1940	-0.09701700549
1941	-0.09701165285
1942	-0.09699739696
1943	-0.09698903632
1944	-0.09697891366
1945	-0.09697086947
1946	-0.09696895036
1947	-0.0969662145
1948	-0.09695544512
1949	-0.09695081694
1950	-0.0969456026
1951	-0.09693926229
1952	-0.09693641145
1953	-0.09693055204
1954	-0.09692094711
1955	-0.09691037029
1956	-0.09690201398
1957	-0.09689071275
1958	-0.09688491641
1959	-0.09687730552
1960	-0.0968742432
1961	-0.09687106705
1962	-0.09686305604
1963	-0.09684642168
1964	-0.09683404798
1965	-0.09682666814
1966	-0.0968226897
1967	-0.09682023598
1968	-0.09680767869
1969	-0.09680334725
1970	-0.09679851289
1971	-0.09679168865
1972	-0.09678753958
1973	-0.0967811973
1974	-0.09677308666
1975	-0.09677157965
1976	-0.09676387304
1977	-0.09675938118
1978	-0.09675565877
1979	-0.09675010153
1980	-0.09674675293
1981	-0.09674426339
1982	-0.09672817376
1983	-0.09672127679
1984	-0.09671523363
1985	-0.09670803387
1986	-0.09670358621
1987	-0.09669902656
1988	-0.09669286591
1989	-0.09668379836
1990	-0.09668025018
1991	-0.09667340402
1992	-0.0966682781
1993	-0.09665739986
1994	-0.09665344076
1995	-0.09664508006
1996	-0.09664205774
1997	-0.09661744715
1998	-0.09661104889
1999	-0.0966039281
2000	-0.09659022327
2001	-0.09658663895
2002	-0.09657368656
2003	-0.09656125445
2004	-0.09655615462
2005	-0.0965521532
2006	-0.09654725687
2007	-0.09654105826
2008	-0.09652862374
2009	-0.09652301133
2010	-0.09651501658
2011	-0.09651005776
2012	-0.09650537513
2013	-0.09650093537
2014	-0.09649281575
2015	-0.09648788903
2016	-0.09648194193
2017	-0.09647320372
2018	-0.09646918403
2019	-0.09646550882
2020	-0.09645816188
2021	-0.09645358019
2022	-0.09644819449
2023	-0.09644442159
2024	-0.09644086484
2025	-0.09642599775
2026	-0.09642319502
2027	-0.09641675424
2028	-0.09641097563
2029	-0.09639076411
2030	-0.09638672391
2031	-0.09637857254
2032	-0.09636821806
2033	-0.09636408882
2034	-0.09636102047
2035	-0.09635024012
2036	-0.09634597926
2037	-0.09631656031
2038	-0.09631074601
2039	-0.09630595979
2040	-0.09629802069
2041	-0.09628824652
2042	-0.09628263718
2043	-0.09627812959
2044	-0.09626088404
2045	-0.09624925581
2046	-0.09623782972
2047	-0.09622968229
2048	-0.09622419813
2049	-0.09621801636
2050	-0.09621342383
2051	-0.09620604434
2052	-0.09619805926
2053	-0.09618971373
2054	-0.09618411175
2055	-0.09617197455
2056	-0.09616495241
2057	-0.09615779215
2058	-0.09615444518
2059	-0.09614832135
2060	-0.09614581665
2061	-0.09613134692
2062	-0.09612448569
2063	-0.09612145903
2064	-0.09611336914
2065	-0.09610584049
2066	-0.09610050895
2067	-0.09609627625
2068	-0.09609322128
2069	-0.09609024131
2070	-0.09608291168
2071	-0.09607356146
2072	-0.09606911027
2073	-0.09606485625
2074	-0.09605930866
2075	-0.09605249044
2076	-0.09604458251
2077	-0.09601598112
2078	-0.0960105595
2079	-0.0960061359
2080	-0.09599657945
2081	-0.09598867874
2082	-0.09598413477
2083	-0.09597888106
2084	-0.09595987986
2085	-0.09595218014
2086	-0.09594128312
2087	-0.0959304207
2088	-0.09592514679
2089	-0.09592179853
2090	-0.09591032714
2091	-0.09589991837
2092	-0.0958973599
2093	-0.09589195964
2094	-0.09587727552
2095	-0.09587231288
2096	-0.09586528942
2097	-0.09585987019
2098	-0.09585597823
2099	-0.09585286506
2100	-0.09584645324
2101	-0.09582720011
2102	-0.09582188793
2103	-0.09581374576
2104	-0.09580635593
2105	-0.09579681365
2106	-0.09578975204
2107	-0.095784853
2108	-0.09577582922
2109	-0.09576753692
2110	-0.09575935602
2111	-0.09575463619
2112	-0.09574709655
2113	-0.09573532693
2114	-0.0957304485
2115	-0.09571765366
2116	-0.09569996782
2117	-0.09569612156
2118	-0.09568802555
2119	-0.09568096146
2120	-0.09567593003
2121	-0.09565855988
2122	-0.09565283586
2123	-0.09564420442
2124	-0.09563418164
2125	-0.0956304575
2126	-0.09562373181
2127	-0.09560767748
2128	-0.09559626824
2129	-0.09559227424
2130	-0.09558817238
2131	-0.09557653598
2132	-0.09556551963
2133	-0.09556120398
2134	-0.09555774655
2135	-0.09555248556
2136	-0.09554614985
2137	-0.09554406585
2138	-0.09553969247
2139	-0.09553480582
2140	-0.09552906242
2141	-0.09552469982
2142	-0.09551793876
2143	-0.09551191021
2144	-0.09550623534
2145	-0.0955001169
2146	-0.0954952132
2147	-0.09548354511
2148	-0.09547053401
2149	-0.09546928346
2150	-0.09546702928
2151	-0.09546330685
2152	-0.09545567875
2153	-0.09543871401
2154	-0.09543644375
2155	-0.09543045142
2156	-0.0954274889
2157	-0.09541642837
2158	-0.09540834119
2159	-0.09540413723
2160	-0.09539970561
2161	-0.09539601079
2162	-0.09538679186
2163	-0.09537081724
2164	-0.09536000435
2165	-0.09535180568
2166	-0.09534794189
2167	-0.0953442718
2168	-0.09534083114
2169	-0.09533150192
2170	-0.09532389559
2171	-0.09531691755
2172	-0.09531132468
2173	-0.09529283748
2174	-0.09529085393
2175	-0.09528785582
2176	-0.09528286871
2177	-0.09527901292
2178	-0.09527061543
2179	-0.09526738501
2180	-0.09526484667
2181	-0.09525963838
2182	-0.09525618149
2183	-0.09525136146
2184	-0.09524530226
2185	-0.09523098774
2186	-0.09522451254
2187	-0.09521616368
2188	-0.09521147111
2189	-0.0952075684
2190	-0.09519900518
2191	-0.09519504269
2192	-0.09518511881
2193	-0.09517859746
2194	-0.09517352101
2195	-0.09517055075
2196	-0.09516770907
2197	-0.09516012744
2198	-0.09515497523
2199	-0.09514560831
2200	-0.09514398033
2201	-0.09514018589
2202	-0.09513376401
2203	-0.0951213413
2204	-0.09511373388
2205	-0.09510768019
2206	-0.09510552145
2207	-0.09508999517
2208	-0.09508452002
2209	-0.09508072343
2210	-0.09507638705
2211	-0.09507165668
2212	-0.09506943406
2213	-0.09506541355
2214	-0.09506135107
2215	-0.09505713807
2216	-0.09504893812
2217	-0.09504507985
2218	-0.09504112751
2219	-0.09503876137
2220	-0.09503586681
2221	-0.09501815164
2222	-0.09501241698
2223	-0.09500878457
2224	-0.09500358089
2225	-0.09499991023
2226	-0.09499460733
2227	-0.09498807974
2228	-0.09498244445
2229	-0.09498010417
2230	-0.09496926875
2231	-0.09496624717
2232	-0.09496305842
2233	-0.0949556446
2234	-0.094951642
2235	-0.09494164392
2236	-0.09493616608
2237	-0.09493173894
2238	-0.09492513956
2239	-0.09491898253
2240	-0.09491128344
2241	-0.09490612412
2242	-0.09490352774
2243	-0.09489673903
2244	-0.09487973971
2245	-0.09487439223
2246	-0.09486788301
2247	-0.09485705901
2248	-0.0948542453
2249	-0.09484968147
2250	-0.09483426199
2251	-0.09483065327
2252	-0.0948270768
2253	-0.09482213862
2254	-0.09481594656
2255	-0.09481089242
2256	-0.09480675688
2257	-0.09480323959
2258	-0.09480034998
2259	-0.09479154032
2260	-0.09478434905
2261	-0.09478015279
2262	-0.09477507641
2263	-0.09476187475
2264	-0.09475056027
2265	-0.09474708891
2266	-0.09474323558
2267	-0.09474199392
2268	-0.09473819807
2269	-0.09473281093
2270	-0.09472572549
2271	-0.09472261197
2272	-0.09471298225
2273	-0.09470191063
2274	-0.09469959107
2275	-0.09469568181
2276	-0.09469319741
2277	-0.09468879886
2278	-0.09468162399
2279	-0.09467619613
2280	-0.09467134357
2281	-0.09466779026
2282	-0.09466279039
2283	-0.09465259127
2284	-0.09464633992
2285	-0.09463585145
2286	-0.09463222446
2287	-0.09462728781
2288	-0.09462384185
2289	-0.09461900808
2290	-0.09461099521
2291	-0.09460827974
2292	-0.09460097862
2293	-0.09459750582
2294	-0.09459328319
2295	-0.09458971796
2296	-0.09457379462
2297	-0.09457229182
2298	-0.09456635198
2299	-0.09456346368
2300	-0.09455874171
2301	-0.09455539697
2302	-0.09455032577
2303	-0.09454594771
2304	-0.09454436443
2305	-0.09454264871
2306	-0.09454021952
2307	-0.09453512092
2308	-0.09452652819
2309	-0.09452416205
2310	-0.09452124209
2311	-0.09451469728
2312	-0.09450931948
2313	-0.09450535466
2314	-0.09449434986
2315	-0.09449282562
2316	-0.09448829563
2317	-0.09448360856
2318	-0.09447872462
2319	-0.09447507483
2320	-0.09447223719
2321	-0.09446979153
2322	-0.09446059454
2323	-0.09445803535
2324	-0.09445169648
2325	-0.09444900516
2326	-0.09444629506
2327	-0.09444358348
2328	-0.09444214947
2329	-0.09443602136
2330	-0.09442962301
2331	-0.09442417976
2332	-0.09442168704
2333	-0.09441484923
2334	-0.09441052581
2335	-0.09440513349
2336	-0.09439612471
2337	-0.09438772302
2338	-0.09438525695
2339	-0.09437846672
2340	-0.0943755639
2341	-0.09436936188
2342	-0.09436446098
2343	-0.09436054148
2344	-0.09435652296
2345	-0.09435472253
2346	-0.09435224668
2347	-0.09434957846
2348	-0.09434638014
2349	-0.09434102792
2350	-0.09433875837
2351	-0.09433620072
2352	-0.09433217586
2353	-0.09432681918
2354	-0.09432508328
2355	-0.09432204208
2356	-0.09431764796
2357	-0.09431089035
2358	-0.09430243952
2359	-0.0942923881
2360	-0.09428818398
2361	-0.09428394244
2362	-0.09427972854
2363	-0.09427576912
2364	-0.09426973582
2365	-0.09426716178
2366	-0.09426343558
2367	-0.09426101771
2368	-0.09425741125
2369	-0.09425011613
2370	-0.09424700108
2371	-0.09423924816
2372	-0.0942287965
2373	-0.09422446517
2374	-0.09421024931
2375	-0.09420682648
2376	-0.09420224309
2377	-0.09419834575
2378	-0.09418968541
2379	-0.09418278658
2380	-0.09418123471
2381	-0.09417683067
2382	-0.09417267954
2383	-0.09416061264
2384	-0.0941569748
2385	-0.09415454851
2386	-0.09414857239
2387	-0.0941440153
2388	-0.09412683221
2389	-0.09412245881
2390	-0.09411856579
2391	-0.09411448648
2392	-0.09410878057
2393	-0.09409259905
2394	-0.0940906159
2395	-0.09408669212
2396	-0.09407081281
2397	-0.09406183995
2398	-0.0940576147
2399	-0.09405101518
2400	-0.09404470427
2401	-0.09403337756
2402	-0.09402898187
2403	-0.09402278483
2404	-0.09401631419
2405	-0.09401025994
2406	-0.09400413306
2407	-0.09399817904
2408	-0.09399539054
2409	-0.09398494168
2410	-0.0939812238
2411	-0.0939777253
2412	-0.09397340932
2413	-0.09397114591
2414	-0.09396773439
2415	-0.09395647121
2416	-0.09395207713
2417	-0.09394518795
2418	-0.09393761137
2419	-0.09392930825
2420	-0.09392717173
2421	-0.09391196966
2422	-0.09390930652
2423	-0.09390513995
2424	-0.09390270534
2425	-0.0939004609
2426	-0.09389570102
2427	-0.09389291768
2428	-0.09388917772
2429	-0.09388554071
2430	-0.09388056881
2431	-0.09387093743
2432	-0.09386600475
2433	-0.09386036974
2434	-0.09385559395
2435	-0.0938528688
2436	-0.09385139653
2437	-0.09382951444
2438	-0.09382695224
2439	-0.09382391197
2440	-0.09382141588
2441	-0.09381861153
2442	-0.09381407091
2443	-0.09381069384
2444	-0.09380807747
2445	-0.09379731551
2446	-0.0937942715
2447	-0.09379006249
2448	-0.09378494898
2449	-0.09378022795
2450	-0.09377823307
2451	-0.09377223111
2452	-0.09376489902
2453	-0.09375756818
2454	-0.09375178024
2455	-0.09374882355
2456	-0.09374245435
2457	-0.09374157316
2458	-0.09373681788
2459	-0.09373400742
2460	-0.09372802852
2461	-0.09372230362
2462	-0.09371959608
2463	-0.09371416872
2464	-0.09370914433
2465	-0.09370776125
2466	-0.0937046011
2467	-0.09370145879
2468	-0.0936895683
2469	-0.09368713288
2470	-0.09368310173
2471	-0.09367913132
2472	-0.09367203584
2473	-0.09366911129
2474	-0.09366738258
2475	-0.09366353902
2476	-0.09365835258
2477	-0.09365430799
2478	-0.09365044644
2479	-0.0936447645
2480	-0.09363833793
2481	-0.09363479953
2482	-0.09363203339
2483	-0.09362967392
2484	-0.09362073512
2485	-0.09361881388
2486	-0.09361614216
2487	-0.09361397275
2488	-0.09361069783
2489	-0.0936072292
2490	-0.09359703212
2491	-0.09359389845
2492	-0.09359218761
2493	-0.09358539943
2494	-0.09358386853
2495	-0.09358258223
2496	-0.09357788533
2497	-0.09357279168
2498	-0.09356777382
2499	-0.09355323801
2500	-0.09355148634
2501	-0.0935459535
2502	-0.09354260186
2503	-0.09353875565
2504	-0.09353371529
2505	-0.09353165666
2506	-0.09352820573
2507	-0.0935234861
2508	-0.0935193523
2509	-0.09351676145
2510	-0.09351396423
2511	-0.09350063319
2512	-0.09349798669
2513	-0.09349414714
2514	-0.09347605012
2515	-0.09347378819
2516	-0.09347098744
2517	-0.0934665388
2518	-0.09346177763
2519	-0.09345569866
2520	-0.09344288051
2521	-0.09343689516
2522	-0.0934327392
2523	-0.09342888166
2524	-0.09342374063
2525	-0.09341965075
2526	-0.09341332184
2527	-0.09341036438
2528	-0.09340468524
2529	-0.09340025985
2530	-0.09339751893
2531	-0.09339335535
2532	-0.09338571379
2533	-0.0933830113
2534	-0.0933802312
2535	-0.09337501761
2536	-0.09336382981
2537	-0.09336066003
2538	-0.09335613743
2539	-0.09335169751
2540	-0.09333555214
2541	-0.09332944245
2542	-0.09332615181
2543	-0.09332405111
2544	-0.09331764423
2545	-0.09331451587
2546	-0.09330822709
2547	-0.09330511356
2548	-0.09330431317
2549	-0.09329928609
2550	-0.09329437175
2551	-0.09328943668
2552	-0.09328619049
2553	-0.09328406983
2554	-0.09327934744
2555	-0.09326299376
2556	-0.09325690991
2557	-0.09324753211
2558	-0.09324490581
2559	-0.09324221042
2560	-0.09323888983
2561	-0.09323462783
2562	-0.09323279823
2563	-0.0932292073
2564	-0.09322411314
2565	-0.09321406859
2566	-0.09320204792
2567	-0.09319487505
2568	-0.09319150749
2569	-0.09318806355
2570	-0.09318113747
2571	-0.09317832585
2572	-0.09317416299
2573	-0.09316906122
2574	-0.09316444119
2575	-0.09316007806
2576	-0.09315201672
2577	-0.09314944573
2578	-0.09314577296
2579	-0.09314228735
2580	-0.09314065569
2581	-0.0931387674
2582	-0.09313706104
2583	-0.09313364045
2584	-0.09313137269
2585	-0.09312777973
2586	-0.09312421574
2587	-0.09312161497
2588	-0.09312031696
2589	-0.09311602139
2590	-0.09311058892
2591	-0.09310506634
2592	-0.09309894223
2593	-0.09309460445
2594	-0.09309060268
2595	-0.09308754074
2596	-0.09308160349
2597	-0.0930703083
2598	-0.09306836476
2599	-0.09306519289
2600	-0.09306270804
2601	-0.09305704485
2602	-0.09305142836
2603	-0.09304360282
2604	-0.09303987474
2605	-0.09303648076
2606	-0.09303401946
2607	-0.09303054574
2608	-0.09301303609
2609	-0.09301027295
2610	-0.09300018752
2611	-0.09299355018
2612	-0.09298796519
2613	-0.09298377725
2614	-0.09297897957
2615	-0.09297300694
2616	-0.09297005974
2617	-0.09296882794
2618	-0.09296184618
2619	-0.0929535489
2620	-0.09294900252
2621	-0.09294356242
2622	-0.09293996522
2623	-0.09293592194
2624	-0.09293278356
2625	-0.09292773798
2626	-0.09292565742
2627	-0.09291547942
2628	-0.09291318816
2629	-0.09290952318
2630	-0.09290736585
2631	-0.09290456454
2632	-0.09290024873
2633	-0.09289327177
2634	-0.09288121139
2635	-0.09287513601
2636	-0.0928732911
2637	-0.09287036971
2638	-0.09286891976
2639	-0.09286616003
2640	-0.09286477315
2641	-0.09285643356
2642	-0.09284846888
2643	-0.09284396987
2644	-0.09284244966
2645	-0.09283813197
2646	-0.09283622583
2647	-0.09283210431
2648	-0.09282919102
2649	-0.09282599956
2650	-0.0928217515
2651	-0.09281931232
2652	-0.09280643945
2653	-0.09280302829
2654	-0.09279982851
2655	-0.09279650424
2656	-0.09278765573
2657	-0.09278461914
2658	-0.09278188806
2659	-0.09277815867
2660	-0.09277366172
2661	-0.09276888142
2662	-0.09276393848
2663	-0.09276288726
2664	-0.09275452362
2665	-0.09275040312
2666	-0.09274420054
2667	-0.0927425888
2668	-0.09273888385
2669	-0.09273492118
2670	-0.09273282988
2671	-0.09272312259
2672	-0.09271549897
2673	-0.09271208522
2674	-0.09270384818
2675	-0.09269713674
2676	-0.09268847752
2677	-0.09267919248
2678	-0.09267635806
2679	-0.09267315848
2680	-0.09266940843
2681	-0.09266286618
2682	-0.09266123434
2683	-0.09265927222
2684	-0.09265685619
2685	-0.09265456638
2686	-0.09265203094
2687	-0.09264948067
2688	-0.0926446485
2689	-0.09264255105
2690	-0.09263778894
2691	-0.0926342098
2692	-0.09262649494
2693	-0.09262305987
2694	-0.09262006122
2695	-0.09261719044
2696	-0.09261511889
2697	-0.09261178608
2698	-0.09260529402
2699	-0.09260119218
2700	-0.09259524128
2701	-0.09258591197
2702	-0.09258281938
2703	-0.09257951496
2704	-0.09257420297
2705	-0.09257178337
2706	-0.09256819794
2707	-0.09256585461
2708	-0.09255878703
2709	-0.09255390436
2710	-0.09254954301
2711	-0.09254149702
2712	-0.09253722803
2713	-0.09253385878
2714	-0.09252919429
2715	-0.09252485052
2716	-0.09251767933
2717	-0.09251471124
2718	-0.09251171965
2719	-0.09250955989
2720	-0.09250558216
2721	-0.09249758417
2722	-0.09249558495
2723	-0.09249239064
2724	-0.09249020429
2725	-0.09248660134
2726	-0.09248454998
2727	-0.09248188894
2728	-0.0924743364
2729	-0.09246973813
2730	-0.09246757052
2731	-0.09246284109
2732	-0.09246030479
2733	-0.09245748393
2734	-0.09245119254
2735	-0.0924488674
2736	-0.09244618734
2737	-0.09243690906
2738	-0.0924337482
2739	-0.09243142025
2740	-0.09242814921
2741	-0.09242344584
2742	-0.09241877677
2743	-0.09241527327
2744	-0.09241095319
2745	-0.09240846299
2746	-0.09240642626
2747	-0.09240260666
2748	-0.09239951809
2749	-0.0923976345
2750	-0.09239664078
2751	-0.09239447809
2752	-0.09239007581
2753	-0.09238253018
2754	-0.09237958328
2755	-0.09237541531
2756	-0.09237241746
2757	-0.09237077892
2758	-0.09236906136
2759	-0.09236764685
2760	-0.09236374913
2761	-0.09236011471
2762	-0.09235751718
2763	-0.09235562373
2764	-0.092350782
2765	-0.09234313192
2766	-0.09233939291
2767	-0.09233808388
2768	-0.09233649549
2769	-0.09233323912
2770	-0.09232181981
2771	-0.09232033969
2772	-0.09231774137
2773	-0.09231456945
2774	-0.09230407605
2775	-0.0923013612
2776	-0.09229620793
2777	-0.09229366677
2778	-0.09229285217
2779	-0.09228195341
2780	-0.09228012278
2781	-0.09227669874
2782	-0.09227169641
2783	-0.09226697355
2784	-0.09225890522
2785	-0.09225736288
2786	-0.09225513429
2787	-0.09225071023
2788	-0.09224714837
2789	-0.09224042539
2790	-0.09223655025
2791	-0.09223377027
2792	-0.09223171414
2793	-0.09223033705
2794	-0.09222615477
2795	-0.09222038258
2796	-0.09221654121
2797	-0.09221093738
2798	-0.09220947733
2799	-0.09220445042
2800	-0.09219915969
2801	-0.09219620571
2802	-0.09219446595
2803	-0.09219070302
2804	-0.09218559404
2805	-0.09218456713
2806	-0.09218143274
2807	-0.09217979937
2808	-0.09217651127
2809	-0.09217268577
2810	-0.09217033314
2811	-0.09216074615
2812	-0.09215916639
2813	-0.09215764791
2814	-0.0921567381
2815	-0.09215515096
2816	-0.09215172796
2817	-0.09215044074
2818	-0.09214078132
2819	-0.09213879604
2820	-0.09213536294
2821	-0.092129111
2822	-0.09212785544
2823	-0.09212542281
2824	-0.09212305072
2825	-0.09212111267
2826	-0.09211873166
2827	-0.09211437387
2828	-0.09211209236
2829	-0.09210996144
2830	-0.09210579966
2831	-0.0920933111
2832	-0.09209080281
2833	-0.09208935578
2834	-0.09208706529
2835	-0.09208511634
2836	-0.0920808492
2837	-0.09207866153
2838	-0.09207407386
2839	-0.09206810003
2840	-0.09206509754
2841	-0.09206333899
2842	-0.09205996719
2843	-0.09205664122
2844	-0.0920542915
2845	-0.09204642464
2846	-0.09204163555
2847	-0.09203949731
2848	-0.09203854557
2849	-0.0920351079
2850	-0.09203265322
2851	-0.09202688451
2852	-0.0920248255
2853	-0.09202296756
2854	-0.0920134634
2855	-0.09201064928
2856	-0.09200797033
2857	-0.09200386549
2858	-0.09200226698
2859	-0.09199994579
2860	-0.09199844843
2861	-0.09199592238
2862	-0.09199050836
2863	-0.091988167
2864	-0.09197946658
2865	-0.09196694014
2866	-0.09196364049
2867	-0.09195947348
2868	-0.09195677221
2869	-0.09195316839
2870	-0.09194924382
2871	-0.09194707527
2872	-0.09194382587
2873	-0.09194157022
2874	-0.09193745455
2875	-0.09192937078
2876	-0.09192760736
2877	-0.09192364708
2878	-0.09191881023
2879	-0.09191283642
2880	-0.0919082056
2881	-0.09190511314
2882	-0.09190049846
2883	-0.09189817709
2884	-0.09189589523
2885	-0.0918941355
2886	-0.09189233021
2887	-0.09188722258
2888	-0.09188577688
2889	-0.09187710015
2890	-0.09187224396
2891	-0.09187015595
2892	-0.0918665323
2893	-0.09186158948
2894	-0.09186002902
2895	-0.09185786491
2896	-0.09185634199
2897	-0.09185378533
2898	-0.09184816269
2899	-0.09184599358
2900	-0.09184233716
2901	-0.09183906997
2902	-0.09183635104
2903	-0.09183430313
2904	-0.09183127731
2905	-0.09182838814
2906	-0.09181930352
2907	-0.09181425201
2908	-0.09181228214
2909	-0.09180891862
2910	-0.09180451658
2911	-0.09180107758
2912	-0.09179589551
2913	-0.09179364378
2914	-0.09178917962
2915	-0.0917847444
2916	-0.09177952456
2917	-0.09177597562
2918	-0.09177151476
2919	-0.09176686547
2920	-0.09176383227
2921	-0.0917586186
2922	-0.09175610889
2923	-0.09175408258
2924	-0.09175054364
2925	-0.09174817298
2926	-0.09174499763
2927	-0.09174373107
2928	-0.09174053875
2929	-0.09173698582
2930	-0.09172956213
2931	-0.09172794231
2932	-0.09172400593
2933	-0.09172141136
2934	-0.09171800027
2935	-0.09171364484
2936	-0.09171026734
2937	-0.09170676383
2938	-0.09169886216
2939	-0.09169720648
2940	-0.09169508221
2941	-0.09169264232
2942	-0.09168813011
2943	-0.09168193955
2944	-0.09167170263
2945	-0.09166981153
2946	-0.09166897356
2947	-0.09166568511
2948	-0.09166459671
2949	-0.09165921147
2950	-0.09165730708
2951	-0.09165233101
2952	-0.09165003081
2953	-0.09164688461
2954	-0.09164267859
2955	-0.09164023203
2956	-0.09163846424
2957	-0.09163653858
2958	-0.09163409258
2959	-0.09163223724
2960	-0.09162587142
2961	-0.09162475555
2962	-0.09162173546
2963	-0.09161759511
2964	-0.09161326356
2965	-0.09161174236
2966	-0.09160093921
2967	-0.09159697753
2968	-0.09159200219
2969	-0.09158952518
2970	-0.09158753381
2971	-0.09158676826
2972	-0.09158290591
2973	-0.09157955044
2974	-0.09157759519
2975	-0.09157474819
2976	-0.0915697626
2977	-0.09156716589
2978	-0.09156485761
2979	-0.09156206933
2980	-0.09155806707
2981	-0.09155430544
2982	-0.09155172223
2983	-0.09154367499
2984	-0.09154196884
2985	-0.09153959304
2986	-0.09153607761
2987	-0.09153458125
2988	-0.09153005759
2989	-0.09152774472
2990	-0.09152358789
2991	-0.09152166502
2992	-0.09151861781
2993	-0.09151699329
2994	-0.09151565274
2995	-0.09151192866
2996	-0.09150979659
2997	-0.09150150228
2998	-0.0914992788
2999	-0.0914954873
3000	-0.09149415383
3001	-0.09149207034
3002	-0.09148428911
3003	-0.09147993348
3004	-0.09147855727
3005	-0.09147608287
3006	-0.09147000686
3007	-0.09146671085
3008	-0.0914652125
3009	-0.09146123137
3010	-0.0914491723
3011	-0.09144601017
3012	-0.09144212881
3013	-0.0914385602
3014	-0.09143418086
3015	-0.09143080794
3016	-0.09142902693
3017	-0.0914272892
3018	-0.09142451256
3019	-0.09142288021
3020	-0.09142089584
3021	-0.09141944835
3022	-0.09141734777
3023	-0.09141643872
3024	-0.09141418929
3025	-0.09141303135
3026	-0.09140789895
3027	-0.09140626596
3028	-0.09140382693
3029	-0.09140230575
3030	-0.09140024885
3031	-0.09139233252
3032	-0.09138943212
3033	-0.09138717119
3034	-0.091384949
3035	-0.09138272718
3036	-0.09137965279
3037	-0.09137676939
3038	-0.09137016249
3039	-0.09136698685
3040	-0.09136492999
3041	-0.09136228309
3042	-0.09135999293
3043	-0.09135725969
3044	-0.0913551094
3045	-0.09135342255
3046	-0.09134759508
3047	-0.09134479969
3048	-0.09134344442
3049	-0.09133699849
3050	-0.09133355645
3051	-0.09133190073
3052	-0.09132933004
3053	-0.09132611659
3054	-0.09132349724
3055	-0.09132087604
3056	-0.09131582833
3057	-0.09131340591
3058	-0.09130997873
3059	-0.09130903671
3060	-0.09130682207
3061	-0.09130501743
3062	-0.09130362254
3063	-0.09130153289
3064	-0.09129467368
3065	-0.09129320571
3066	-0.09129164222
3067	-0.09128784847
3068	-0.09128572598
3069	-0.09128192953
3070	-0.09127918202
3071	-0.0912761183
3072	-0.09127368837
3073	-0.09127206168
3074	-0.09126965076
3075	-0.09126698552
3076	-0.09126464979
3077	-0.09126192604
3078	-0.09125924773
3079	-0.09125568873
3080	-0.09125138768
3081	-0.09123969759
3082	-0.09123086642
3083	-0.09122777648
3084	-0.0912263831
3085	-0.09122476488
3086	-0.09122267943
3087	-0.09122098554
3088	-0.09121780128
3089	-0.09121446836
3090	-0.09121257085
3091	-0.09120805459
3092	-0.09120692002
3093	-0.0912044312
3094	-0.09120325159
3095	-0.09120080511
3096	-0.09119964412
3097	-0.09119610512
3098	-0.09119375457
3099	-0.09119170595
3100	-0.09118766447
3101	-0.09118517906
3102	-0.09118319103
3103	-0.09118095827
3104	-0.09117505849
3105	-0.09117283339
3106	-0.09116624303
3107	-0.09116475124
3108	-0.09116313765
3109	-0.09115985435
3110	-0.09115519108
3111	-0.09115174972
3112	-0.09114680827
3113	-0.09114308055
3114	-0.09114117268
3115	-0.09113110586
3116	-0.09112676763
3117	-0.09112581901
3118	-0.09112295476
3119	-0.09112087801
3120	-0.09111794317
3121	-0.09111270877
3122	-0.09110850437
3123	-0.09110675857
3124	-0.09110340748
3125	-0.09110047408
3126	-0.09109795973
3127	-0.09109468805
3128	-0.09109240843
3129	-0.09108984549
3130	-0.0910868413
3131	-0.09108144427
3132	-0.09107889235
3133	-0.09107504477
3134	-0.09107331488
3135	-0.09107167202
3136	-0.09106938125
3137	-0.09106637675
3138	-0.09106309678
3139	-0.09106185096
3140	-0.09105464062
3141	-0.09105283944
3142	-0.09104990714
3143	-0.09104622094
3144	-0.09104474269
3145	-0.09104218805
3146	-0.09103906709
3147	-0.09103704449
3148	-0.09103451923
3149	-0.09103261798
3150	-0.09102814691
3151	-0.09102658261
3152	-0.09102447517
3153	-0.09101893879
3154	-0.09101667711
3155	-0.09101165977
3156	-0.09100836962
3157	-0.09100248409
3158	-0.09100183472
3159	-0.09099721931
3160	-0.09099575593
3161	-0.0909936727
3162	-0.0909920672
3163	-0.0909889893
3164	-0.09098139042
3165	-0.09098073106
3166	-0.09096966288
3167	-0.09096536572
3168	-0.09096314164
3169	-0.09096073742
3170	-0.09095920802
3171	-0.09095823156
3172	-0.09095559638
3173	-0.09095003009
3174	-0.0909471576
3175	-0.09094447792
3176	-0.09094234493
3177	-0.0909401021
3178	-0.0909367083
3179	-0.09093407396
3180	-0.09092716996
3181	-0.0909228949
3182	-0.09092153102
3183	-0.09091641364
3184	-0.09091485106
3185	-0.09091117285
3186	-0.09090588581
3187	-0.09090349886
3188	-0.09090228842
3189	-0.09089970276
3190	-0.09089691089
3191	-0.09089202325
3192	-0.09089025017
3193	-0.09088970697
3194	-0.09088759338
3195	-0.09088632467
3196	-0.09088478819
3197	-0.09088001399
3198	-0.09087840746
3199	-0.09087373832
3200	-0.09087135748
3201	-0.09086291771
3202	-0.09086084142
3203	-0.09085921511
3204	-0.09085712907
3205	-0.09085409125
3206	-0.09085288285
3207	-0.09084492054
3208	-0.0908401711
3209	-0.09083906599
3210	-0.09083815782
3211	-0.09083535566
3212	-0.09083312215
3213	-0.09083152698
3214	-0.09082275358
3215	-0.09081382607
3216	-0.09081250438
3217	-0.09080931965
3218	-0.09080762145
3219	-0.09080628781
3220	-0.09080333537
3221	-0.09079923532
3222	-0.0907976186
3223	-0.09078850355
3224	-0.09078677121
3225	-0.0907831078
3226	-0.09078164985
3227	-0.09077848337
3228	-0.09077601123
3229	-0.09077235546
3230	-0.09076891938
3231	-0.09076669258
3232	-0.09076083388
3233	-0.09075605783
3234	-0.0907492561
3235	-0.09074601279
3236	-0.09074305028
3237	-0.09074194423
3238	-0.09074011967
3239	-0.09073832536
3240	-0.09073722638
3241	-0.09073488024
3242	-0.09073343302
3243	-0.09073033629
3244	-0.09072665496
3245	-0.09072540322
3246	-0.09072365458
3247	-0.09072167124
3248	-0.09071911978
3249	-0.09071542887
3250	-0.09071400584
3251	-0.09071238556
3252	-0.09070964651
3253	-0.09070837109
3254	-0.09070535007
3255	-0.09070193737
3256	-0.09070092262
3257	-0.0906992279
3258	-0.09069729376
3259	-0.09069461089
3260	-0.09069301314
3261	-0.0906917662
3262	-0.09069047041
3263	-0.09068783143
3264	-0.09068534319
3265	-0.09068434175
3266	-0.09068069851
3267	-0.09067580447
3268	-0.09067334516
3269	-0.09067202814
3270	-0.09066576258
3271	-0.09066121249
3272	-0.0906597857
3273	-0.09065850108
3274	-0.09065532144
3275	-0.09065190569
3276	-0.09064821206
3277	-0.0906465182
3278	-0.09063860481
3279	-0.09063465846
3280	-0.09062983986
3281	-0.09062756325
3282	-0.09062643925
3283	-0.09062484612
3284	-0.09062305167
3285	-0.09062123314
3286	-0.0906199008
3287	-0.09061810155
3288	-0.09061188781
3289	-0.09060989944
3290	-0.0906052306
3291	-0.09060286182
3292	-0.0906016168
3293	-0.09059847293
3294	-0.09059657581
3295	-0.09059564978
3296	-0.09058797004
3297	-0.09058596443
3298	-0.09058489589
3299	-0.09058303686
3300	-0.09058062325
3301	-0.09057965003
3302	-0.09057340769
3303	-0.09057125285
3304	-0.09056839524
3305	-0.09056682129
3306	-0.09056509374
3307	-0.09056217707
3308	-0.09055974043
3309	-0.0905581031
3310	-0.09055677448
3311	-0.09055442281
3312	-0.09055276337
3313	-0.09055090147
3314	-0.0905478124
3315	-0.09054600999
3316	-0.09054391056
3317	-0.09054179568
3318	-0.09054066056
3319	-0.09053676215
3320	-0.09053372034
3321	-0.09053081573
3322	-0.09052954749
3323	-0.09052782573
3324	-0.09052678381
3325	-0.09052630214
3326	-0.09052385405
3327	-0.09052015867
3328	-0.09051905477
3329	-0.09051678478
3330	-0.0905149143
3331	-0.09051230918
3332	-0.09050963763
3333	-0.09050696711
3334	-0.09050264406
3335	-0.09049763223
3336	-0.09049544483
3337	-0.09049112847
3338	-0.09048875888
3339	-0.09048804789
3340	-0.09048421737
3341	-0.09048310409
3342	-0.0904796799
3343	-0.0904786448
3344	-0.09047298992
3345	-0.0904724694
3346	-0.09047127159
3347	-0.09046895655
3348	-0.09046583863
3349	-0.09046456763
3350	-0.09045673583
3351	-0.09045584969
3352	-0.09045383067
3353	-0.09045239
3354	-0.09045062388
3355	-0.09044415064
3356	-0.09044357461
3357	-0.0904420699
3358	-0.09043879959
3359	-0.09043666884
3360	-0.09043490487
3361	-0.09043124316
3362	-0.09042492431
3363	-0.09042251068
3364	-0.09041940965
3365	-0.09041552642
3366	-0.09041293061
3367	-0.09041083308
3368	-0.09040876857
3369	-0.0904078761
3370	-0.09040714863
3371	-0.09040556537
3372	-0.09040260749
3373	-0.09040178352
3374	-0.09039910439
3375	-0.09039712815
3376	-0.09039355494
3377	-0.09039216295
3378	-0.09039049182
3379	-0.0903848207
3380	-0.09038339287
3381	-0.09038133499
3382	-0.09038058671
3383	-0.09037834089
3384	-0.0903712086
3385	-0.0903687529
3386	-0.0903681402
3387	-0.09036487696
3388	-0.09036338399
3389	-0.0903615633
3390	-0.09035989561
3391	-0.09035754201
3392	-0.09035435731
3393	-0.09035347331
3394	-0.09035089333
3395	-0.09034685842
3396	-0.09034373445
3397	-0.09034268718
3398	-0.09033760349
3399	-0.09033561807
3400	-0.09033079776
3401	-0.09032977277
3402	-0.09032783768
3403	-0.09032452619
3404	-0.09032169288
3405	-0.0903199788
3406	-0.09031113481
3407	-0.09030789756
3408	-0.09030701525
3409	-0.09030520057
3410	-0.09030328953
3411	-0.09030080742
3412	-0.09029338004
3413	-0.09029225807
3414	-0.0902908219
3415	-0.09028939588
3416	-0.09028767505
3417	-0.09028410447
3418	-0.09028246319
3419	-0.09027767481
3420	-0.09027509618
3421	-0.09026683701
3422	-0.09026077538
3423	-0.09025832871
3424	-0.09025607809
3425	-0.09025336928
3426	-0.0902466713
3427	-0.09024405262
3428	-0.09024249479
3429	-0.09024080864
3430	-0.09023943491
3431	-0.09023707536
3432	-0.09023533921
3433	-0.09023331454
3434	-0.09023114579
3435	-0.09022861418
3436	-0.09022732953
3437	-0.09022610547
3438	-0.09022308818
3439	-0.09022055502
3440	-0.09021769823
3441	-0.09021632601
3442	-0.09021437794
3443	-0.09020679703
3444	-0.09020223886
3445	-0.09020042957
3446	-0.09019817861
3447	-0.09019392548
3448	-0.09019198053
3449	-0.09019015601
3450	-0.09018856873
3451	-0.09018682624
3452	-0.09018556687
3453	-0.09018240025
3454	-0.09018154546
3455	-0.09018015294
3456	-0.09017674424
3457	-0.09017391078
3458	-0.09016937467
3459	-0.09016689246
3460	-0.09015851776
3461	-0.09015336403
3462	-0.09015171573
3463	-0.09014901665
3464	-0.09014797034
3465	-0.09014485854
3466	-0.09014419121
3467	-0.09014309599
3468	-0.09014123856
3469	-0.09013915254
3470	-0.09013747941
3471	-0.09012975768
3472	-0.09012865179
3473	-0.09012593126
3474	-0.09012121655
3475	-0.09011875004
3476	-0.09011695841
3477	-0.09011527643
3478	-0.09010838877
3479	-0.09010534281
3480	-0.09010334865
3481	-0.09010205757
3482	-0.09009568942
3483	-0.09009396344
3484	-0.0900918702
3485	-0.09008620879
3486	-0.09008462633
3487	-0.09008274881
3488	-0.09008072458
3489	-0.09007861696
3490	-0.09007745584
3491	-0.09007611665
3492	-0.09007464541
3493	-0.09007035948
3494	-0.09006664794
3495	-0.09006516303
3496	-0.09006465692
3497	-0.09006283276
3498	-0.0900621501
3499	-0.09006029796
3500	-0.09005830097
3501	-0.09005683794
3502	-0.09005517745
3503	-0.09005016795
3504	-0.09004813395
3505	-0.09004726272
3506	-0.09004472311
3507	-0.09004357182
3508	-0.09004267035
3509	-0.09004159558
3510	-0.09003991708
3511	-0.09003685223
3512	-0.09003495384
3513	-0.09002821756
3514	-0.09002718556
3515	-0.09002518359
3516	-0.09002244756
3517	-0.09001896656
3518	-0.09001816093
3519	-0.09001460337
3520	-0.09001127417
3521	-0.09000990375
3522	-0.09000860429
3523	-0.0900067279
3524	-0.09000541516
3525	-0.09000386082
3526	-0.09000233728
3527	-0.09000130987
3528	-0.08999612095
3529	-0.08999466246
3530	-0.08999358353
3531	-0.08999081283
3532	-0.08998883862
3533	-0.08998756002
3534	-0.08998645065
3535	-0.08998343243
3536	-0.0899820231
3537	-0.08998088657
3538	-0.08997792127
3539	-0.08997559936
3540	-0.08997188658
3541	-0.08997044237
3542	-0.08996990611
3543	-0.0899692747
3544	-0.08996741261
3545	-0.0899657191
3546	-0.08996473263
3547	-0.08996370231
3548	-0.08996307782
3549	-0.08995972586
3550	-0.08995857373
3551	-0.08995626756
3552	-0.08995349281
3553	-0.08995291578
3554	-0.08995218982
3555	-0.08995022605
3556	-0.08994835745
3557	-0.08994571168
3558	-0.08994424291
3559	-0.08994365872
3560	-0.08994289361
3561	-0.08994001391
3562	-0.08993688725
3563	-0.08993466819
3564	-0.08993376234
3565	-0.08993192844
3566	-0.08993005385
3567	-0.08992659587
3568	-0.08992305393
3569	-0.0899219526
3570	-0.08992006478
3571	-0.08991512415
3572	-0.08991248929
3573	-0.08990992038
3574	-0.08990798438
3575	-0.08990540757
3576	-0.08990377795
3577	-0.08990274618
3578	-0.08990152622
3579	-0.08989965199
3580	-0.08989510236
3581	-0.0898942279
3582	-0.08989256339
3583	-0.08989134157
3584	-0.08988955532
3585	-0.08988872292
3586	-0.08988747795
3587	-0.08988560404
3588	-0.0898821003
3589	-0.08988117567
3590	-0.08988030249
3591	-0.08987806803
3592	-0.08987650952
3593	-0.08987487617
3594	-0.08987425393
3595	-0.08987022539
3596	-0.08986894331
3597	-0.0898648271
3598	-0.08986327769
3599	-0.08986163408
3600	-0.08985784013
3601	-0.08985596855
3602	-0.08985400946
3603	-0.08985200613
3604	-0.08985011727
3605	-0.08984849733
3606	-0.08984666975
3607	-0.08984462405
3608	-0.08983884567
3609	-0.08983568719
3610	-0.08983053246
3611	-0.08982784773
3612	-0.08982619297
3613	-0.08982374034
3614	-0.08982255851
3615	-0.08982108664
3616	-0.08982006864
3617	-0.08981684326
3618	-0.08981470487
3619	-0.08981313748
3620	-0.08981135324
3621	-0.08981005639
3622	-0.08980693918
3623	-0.08980571499
3624	-0.08980226353
3625	-0.08979995173
3626	-0.08979682011
3627	-0.08979329723
3628	-0.08979079995
3629	-0.08978923678
3630	-0.08978484758
3631	-0.08978276114
3632	-0.08978231007
3633	-0.08978125379
3634	-0.0897797705
3635	-0.08977864459
3636	-0.08977738103
3637	-0.0897741401
3638	-0.08977115318
3639	-0.0897698
3640	-0.08976314104
3641	-0.08976182544
3642	-0.08976062
3643	-0.0897589945
3644	-0.08975721641
3645	-0.08975592492
3646	-0.08975426718
3647	-0.08975331319
3648	-0.08974840398
3649	-0.08974661121
3650	-0.08974488287
3651	-0.08973886258
3652	-0.08973749293
3653	-0.0897331749
3654	-0.08973203148
3655	-0.0897301856
3656	-0.08972879046
3657	-0.08972658361
3658	-0.0897258897
3659	-0.08972374962
3660	-0.08972263782
3661	-0.0897208323
3662	-0.0897192474
3663	-0.08971783124
3664	-0.08971694949
3665	-0.08971551361
3666	-0.08971449052
3667	-0.08971338937
3668	-0.08971123174
3669	-0.08970922464
3670	-0.08970526657
3671	-0.08970225177
3672	-0.08969989451
3673	-0.08969840827
3674	-0.08969672293
3675	-0.08969514633
3676	-0.08969308221
3677	-0.08969034316
3678	-0.08968876803
3679	-0.08968745463
3680	-0.08968685511
3681	-0.08968575315
3682	-0.08968222797
3683	-0.08968102809
3684	-0.08967994133
3685	-0.0896772501
3686	-0.08967117979
3687	-0.08966884979
3688	-0.08966800585
3689	-0.08966632844
3690	-0.08966524826
3691	-0.08966139554
3692	-0.08966053187
3693	-0.08965988688
3694	-0.08965768343
3695	-0.08965646854
3696	-0.08965391163
3697	-0.08965250588
3698	-0.0896514475
3699	-0.08964758785
3700	-0.08964575619
3701	-0.08964416772
3702	-0.08964306224
3703	-0.08964060701
3704	-0.08963912256
3705	-0.08963732993
3706	-0.08963550312
3707	-0.08963102662
3708	-0.08963005917
3709	-0.08962871442
3710	-0.08962798516
3711	-0.08962354986
3712	-0.08962154337
3713	-0.08961977819
3714	-0.08961427665
3715	-0.08960655116
3716	-0.08960519355
3717	-0.08960345547
3718	-0.08959933844
3719	-0.08959761722
3720	-0.08959604211
3721	-0.08959501435
3722	-0.08959203959
3723	-0.08958957077
3724	-0.08958834073
3725	-0.08958615959
3726	-0.08958500752
3727	-0.0895831648
3728	-0.08958153507
3729	-0.08957996621
3730	-0.08957686479
3731	-0.08957595291
3732	-0.08957546574
3733	-0.08957380668
3734	-0.08956978041
3735	-0.08956578134
3736	-0.08956513754
3737	-0.08956465171
3738	-0.08956345398
3739	-0.08956157007
3740	-0.08955870547
3741	-0.08955758439
3742	-0.08955448006
3743	-0.0895535565
3744	-0.08955251546
3745	-0.089550758
3746	-0.0895414983
3747	-0.08953910503
3748	-0.0895380148
3749	-0.08953461069
3750	-0.089531312
3751	-0.08953033425
3752	-0.08952299029
3753	-0.08952207733
3754	-0.08952110175
3755	-0.0895200482
3756	-0.08951760323
3757	-0.08951609165
3758	-0.08951499928
3759	-0.08951178055
3760	-0.08951023215
3761	-0.08950795681
3762	-0.08950179351
3763	-0.08949976337
3764	-0.08949705535
3765	-0.08949107337
3766	-0.08948597854
3767	-0.08948468301
3768	-0.08948201383
3769	-0.08948094427
3770	-0.08947988014
3771	-0.08947887627
3772	-0.08947617237
3773	-0.08947515889
3774	-0.08947346645
3775	-0.08947128614
3776	-0.08946807816
3777	-0.08946642408
3778	-0.08946523478
3779	-0.08946372347
3780	-0.08946245297
3781	-0.08946048307
3782	-0.0894561516
3783	-0.08945393213
3784	-0.08945254394
3785	-0.08945074283
3786	-0.08944867769
3787	-0.08944798087
3788	-0.0894443893
3789	-0.08944196918
3790	-0.08944062584
3791	-0.08943942861
3792	-0.08943702162
3793	-0.08943504077
3794	-0.08943278818
3795	-0.08943117098
3796	-0.08942955552
3797	-0.089428496
3798	-0.08942490193
3799	-0.0894236801
3800	-0.08941962885
3801	-0.08941741116
3802	-0.08941567257
3803	-0.08941406761
3804	-0.08941114137
3805	-0.08940729159
3806	-0.0894059129
3807	-0.08940536897
3808	-0.08940444563
3809	-0.08940184836
3810	-0.08940037183
3811	-0.08939961178
3812	-0.08939783919
3813	-0.08939667321
3814	-0.08939069726
3815	-0.0893889782
3816	-0.08938742816
3817	-0.08938422363
3818	-0.08938327989
3819	-0.08938188873
3820	-0.08937987815
3821	-0.08937719378
3822	-0.08937575813
3823	-0.0893741216
3824	-0.0893732674
3825	-0.08937062269
3826	-0.08936903597
3827	-0.08936743804
3828	-0.08936647897
3829	-0.08936547672
3830	-0.08936207753
3831	-0.08936067066
3832	-0.08935917293
3833	-0.08935440021
3834	-0.08935084019
3835	-0.08934971118
3836	-0.0893482705
3837	-0.08934711473
3838	-0.08934460079
3839	-0.08934035734
3840	-0.08933925857
3841	-0.08933844053
3842	-0.08933536032
3843	-0.08933358647
3844	-0.08933267347
3845	-0.0893311736
3846	-0.0893297507
3847	-0.08932701374
3848	-0.08932605081
3849	-0.08932372443
3850	-0.08932291349
3851	-0.08931986554
3852	-0.08931908651
3853	-0.08931840885
3854	-0.089317334
3855	-0.08931524692
3856	-0.08931344111
3857	-0.08931240683
3858	-0.08931094885
3859	-0.08930911334
3860	-0.0893075903
3861	-0.08930593655
3862	-0.08930367395
3863	-0.089302536
3864	-0.08930029802
3865	-0.08929869997
3866	-0.08929767706
3867	-0.08929655435
3868	-0.08929558482
3869	-0.08929476946
3870	-0.08929324826
3871	-0.08929183755
3872	-0.08928972024
3873	-0.08928834892
3874	-0.08928757495
3875	-0.08928697315
3876	-0.08928360057
3877	-0.08928205068
3878	-0.08928093864
3879	-0.08928007334
3880	-0.08927908466
3881	-0.08927827694
3882	-0.08927667703
3883	-0.08927523844
3884	-0.08927441007
3885	-0.08927157355
3886	-0.08927055062
3887	-0.08926645846
3888	-0.0892654416
3889	-0.08926363425
3890	-0.08926188789
3891	-0.08926021215
3892	-0.08925833557
3893	-0.08925348208
3894	-0.08925153948
3895	-0.08924941331
3896	-0.08924882263
3897	-0.08924198342
3898	-0.0892396522
3899	-0.08923768594
3900	-0.0892308549
3901	-0.08922884053
3902	-0.08922620843
3903	-0.08922539928
3904	-0.08922515041
3905	-0.08922302181
3906	-0.08922154118
3907	-0.08922044098
3908	-0.08921812836
3909	-0.08921554559
3910	-0.08921359396
3911	-0.08921265179
3912	-0.08921060055
3913	-0.08920684173
3914	-0.08920649653
3915	-0.08920221587
3916	-0.08919632708
3917	-0.08919418894
3918	-0.08919329074
3919	-0.08919286772
3920	-0.0891909424
3921	-0.0891900885
3922	-0.08918868446
3923	-0.08918441941
3924	-0.08918346923
3925	-0.08918086829
3926	-0.08917465683
3927	-0.08917382242
3928	-0.08917304362
3929	-0.08917237942
3930	-0.08917168988
3931	-0.08916877404
3932	-0.08916744276
3933	-0.08916563672
3934	-0.08916371811
3935	-0.08916213015
3936	-0.08916119681
3937	-0.08915915471
3938	-0.08915723085
3939	-0.08915621848
3940	-0.08915420002
3941	-0.08915315562
3942	-0.08915150798
3943	-0.08915071812
3944	-0.08914929863
3945	-0.08914845402
3946	-0.08914614207
3947	-0.0891446952
3948	-0.08914167078
3949	-0.08914056224
3950	-0.08913907063
3951	-0.08913795691
3952	-0.08913550899
3953	-0.08913441473
3954	-0.08913220432
3955	-0.0891313792
3956	-0.08913005509
3957	-0.08912436719
3958	-0.08912363988
3959	-0.08912262422
3960	-0.08912098899
3961	-0.08911960782
3962	-0.08911813764
3963	-0.08911682719
3964	-0.0891158452
3965	-0.08911510858
3966	-0.08911353733
3967	-0.08911169653
3968	-0.0891104762
3969	-0.08910912918
3970	-0.08910790148
3971	-0.08910728088
3972	-0.08910591859
3973	-0.08910433704
3974	-0.08910191152
3975	-0.08909777131
3976	-0.08909444802
3977	-0.08909300544
3978	-0.08909170498
3979	-0.08909035175
3980	-0.08908506823
3981	-0.08908236559
3982	-0.08908093635
3983	-0.08908041196
3984	-0.08907613782
3985	-0.08907217254
3986	-0.08907137591
3987	-0.08907067212
3988	-0.08906948941
3989	-0.08906708427
3990	-0.08906424726
3991	-0.08906299044
3992	-0.0890617679
3993	-0.08905703186
3994	-0.08905573999
3995	-0.08905380224
3996	-0.08905317975
3997	-0.08905022955
3998	-0.08904898865
3999	-0.08904637145
4000	-0.08904522924
4001	-0.089041617
4002	-0.08903703711
4003	-0.08903498575
4004	-0.08903359554
4005	-0.08903295991
4006	-0.08903250744
4007	-0.08903161766
4008	-0.08902889872
4009	-0.08902772075
4010	-0.08902633763
4011	-0.08902357039
4012	-0.08902242661
4013	-0.08902026718
4014	-0.0890174523
4015	-0.08901633584
4016	-0.08901546737
4017	-0.08901298542
4018	-0.08901016173
4019	-0.08900861208
4020	-0.08900100875
4021	-0.08899990168
4022	-0.08899794366
4023	-0.08899725162
4024	-0.08899539732
4025	-0.0889924908
4026	-0.08899146366
4027	-0.08899030352
4028	-0.08898947548
4029	-0.08898788369
4030	-0.08898660186
4031	-0.08898495072
4032	-0.08898240483
4033	-0.08897645318
4034	-0.08897401729
4035	-0.08897200887
4036	-0.08897079257
4037	-0.0889675626
4038	-0.08896531908
4039	-0.08895878297
4040	-0.08895331873
4041	-0.08895202602
4042	-0.08894992964
4043	-0.08894847508
4044	-0.08894552559
4045	-0.0889441624
4046	-0.08894311782
4047	-0.08894247375
4048	-0.08894095534
4049	-0.0889400993
4050	-0.08893797737
4051	-0.08893668882
4052	-0.08892946233
4053	-0.08892864216
4054	-0.08892734091
4055	-0.08892668543
4056	-0.08892554785
4057	-0.08892239432
4058	-0.08892159439
4059	-0.08892043445
4060	-0.0889197458
4061	-0.08891748832
4062	-0.08891366833
4063	-0.08891274731
4064	-0.08891157538
4065	-0.08891037655
4066	-0.08890944803
4067	-0.08890871967
4068	-0.08890793815
4069	-0.08890665628
4070	-0.08890365053
4071	-0.08890209443
4072	-0.08889858346
4073	-0.08889723139
4074	-0.08889575929
4075	-0.08889501437
4076	-0.08889434351
4077	-0.08889022249
4078	-0.08888797994
4079	-0.08888712865
4080	-0.08888555445
4081	-0.08888412314
4082	-0.08887874775
4083	-0.0888759735
4084	-0.08887449553
4085	-0.08887293958
4086	-0.08887128073
4087	-0.08887034267
4088	-0.08886896573
4089	-0.08886721585
4090	-0.08886560803
4091	-0.08886378651
4092	-0.08886290018
4093	-0.08886162949
4094	-0.08885929741
4095	-0.08885711013
4096	-0.08885605872
4097	-0.08885355864
4098	-0.08885187763
4099	-0.08885106145
4100	-0.08884811503
4101	-0.08884774584
4102	-0.08884622305
4103	-0.08884517823
4104	-0.08884268894
4105	-0.08884010269
4106	-0.08883884942
4107	-0.08883639238
4108	-0.08883572213
4109	-0.08883456998
4110	-0.08883267623
4111	-0.08883009403
4112	-0.08882905825
4113	-0.08882576893
4114	-0.08882524777
4115	-0.08882356719
4116	-0.08882269023
4117	-0.08882154651
4118	-0.08881762311
4119	-0.08881554536
4120	-0.08881443326
4121	-0.08881241752
4122	-0.08881019258
4123	-0.08880663898
4124	-0.08880303055
4125	-0.08880159942
4126	-0.08879973114
4127	-0.08879791402
4128	-0.08879578559
4129	-0.08879382034
4130	-0.08879255515
4131	-0.08879171151
4132	-0.08879078686
4133	-0.08878986678
4134	-0.08878830878
4135	-0.08878710427
4136	-0.08878445143
4137	-0.08877973344
4138	-0.08877788348
4139	-0.08877677227
4140	-0.08877551535
4141	-0.08877293836
4142	-0.0887720429
4143	-0.08877105168
4144	-0.08876997213
4145	-0.08876842962
4146	-0.08876498004
4147	-0.08876344406
4148	-0.08876129495
4149	-0.08876024673
4150	-0.08875717095
4151	-0.08875647774
4152	-0.08875396513
4153	-0.08875324457
4154	-0.0887520698
4155	-0.08875069372
4156	-0.08875014527
4157	-0.08874959124
4158	-0.08874852228
4159	-0.08874705808
4160	-0.08874520387
4161	-0.08874479966
4162	-0.088743368
4163	-0.08874222795
4164	-0.08874034015
4165	-0.08873986335
4166	-0.08873895261
4167	-0.08873456366
4168	-0.0887339382
4169	-0.08873255027
4170	-0.08873191784
4171	-0.08873135978
4172	-0.08873074646
4173	-0.08872892549
4174	-0.08872717859
4175	-0.08872631044
4176	-0.08872302386
4177	-0.0887206866
4178	-0.08871957671
4179	-0.0887179969
4180	-0.0887153219
4181	-0.08871424985
4182	-0.0887121425
4183	-0.08870735916
4184	-0.08870587195
4185	-0.08870492289
4186	-0.08870365332
4187	-0.08870106099
4188	-0.08869875132
4189	-0.08869762775
4190	-0.08869660989
4191	-0.08869555526
4192	-0.0886942049
4193	-0.08868852113
4194	-0.08868541167
4195	-0.08868364754
4196	-0.0886825282
4197	-0.0886812695
4198	-0.08867888209
4199	-0.08867803206
4200	-0.0886751889
4201	-0.08867292716
4202	-0.08866862341
4203	-0.08866662565
4204	-0.08866533516
4205	-0.08866403015
4206	-0.08866254214
4207	-0.08866106748
4208	-0.08865978431
4209	-0.08865895398
4210	-0.0886577067
4211	-0.08865666354
4212	-0.08865529598
4213	-0.08865254129
4214	-0.0886510582
4215	-0.08864595423
4216	-0.08864403238
4217	-0.08864343808
4218	-0.08864142245
4219	-0.08864085687
4220	-0.08863957691
4221	-0.08863813085
4222	-0.08863482704
4223	-0.08863291453
4224	-0.08863006363
4225	-0.08862735001
4226	-0.08862644794
4227	-0.08862542283
4228	-0.08862314569
4229	-0.08862233413
4230	-0.0886202737
4231	-0.08861949084
4232	-0.08861885417
4233	-0.08861824658
4234	-0.08861307771
4235	-0.08861191532
4236	-0.08860918517
4237	-0.08860677578
4238	-0.08860587023
4239	-0.08860477412
4240	-0.08860316553
4241	-0.08860033842
4242	-0.08859977897
4243	-0.08859849208
4244	-0.08859757664
4245	-0.08859627373
4246	-0.08859443271
4247	-0.08859365495
4248	-0.0885908637
4249	-0.08858885132
4250	-0.08858789461
4251	-0.08858589993
4252	-0.0885833771
4253	-0.08857944372
4254	-0.08857834264
4255	-0.08857648563
4256	-0.08857535049
4257	-0.08857390785
4258	-0.088573028
4259	-0.0885707884
4260	-0.08856846571
4261	-0.08856747906
4262	-0.08856286898
4263	-0.08856194572
4264	-0.08856048528
4265	-0.08855944596
4266	-0.08855788686
4267	-0.08855237226
4268	-0.08854915438
4269	-0.08854784305
4270	-0.08854476397
4271	-0.08854289926
4272	-0.08854191495
4273	-0.08854092898
4274	-0.08853982625
4275	-0.08853937196
4276	-0.08853832753
4277	-0.0885372878
4278	-0.08853635178
4279	-0.08853469882
4280	-0.08853328176
4281	-0.08853183611
4282	-0.08853071128
4283	-0.08852812774
4284	-0.08852704824
4285	-0.08852293332
4286	-0.08852223953
4287	-0.08852096568
4288	-0.0885171808
4289	-0.08851577754
4290	-0.08851525474
4291	-0.0885136083
4292	-0.08851263122
4293	-0.08851113719
4294	-0.08850869543
4295	-0.08850644711
4296	-0.08850399307
4297	-0.08850080033
4298	-0.08849800218
4299	-0.08849690754
4300	-0.08849516278
4301	-0.08849404264
4302	-0.0884902301
4303	-0.08848912989
4304	-0.08848809324
4305	-0.08848741816
4306	-0.08848558451
4307	-0.08848324526
4308	-0.08848147112
4309	-0.08848088023
4310	-0.08847973423
4311	-0.0884775959
4312	-0.08847688237
4313	-0.08847522033
4314	-0.08847379788
4315	-0.08847251596
4316	-0.08847147321
4317	-0.08846959139
4318	-0.08846809688
4319	-0.08846681536
4320	-0.08846638777
4321	-0.08846535938
4322	-0.08846363828
4323	-0.08846272338
4324	-0.08846147996
4325	-0.08845960969
4326	-0.08845836543
4327	-0.08845752544
4328	-0.08845654
4329	-0.08845582122
4330	-0.08845353361
4331	-0.08845259959
4332	-0.08845119307
4333	-0.08844890246
4334	-0.08844836595
4335	-0.08844643533
4336	-0.08844428608
4337	-0.0884431964
4338	-0.08844277976
4339	-0.08844145889
4340	-0.08844067368
4341	-0.08843838098
4342	-0.08843736115
4343	-0.08843534742
4344	-0.08843396414
4345	-0.08843287657
4346	-0.08843038963
4347	-0.08842857773
4348	-0.08842652495
4349	-0.08842494798
4350	-0.08842356579
4351	-0.08842222414
4352	-0.08842004882
4353	-0.08841781317
4354	-0.08841659915
4355	-0.08841330952
4356	-0.08841255506
4357	-0.08841168773
4358	-0.08840982513
4359	-0.08840904147
4360	-0.08840801027
4361	-0.08840371321
4362	-0.08840246326
4363	-0.08840169788
4364	-0.08840056859
4365	-0.08840002833
4366	-0.08839831754
4367	-0.08839597737
4368	-0.08839488341
4369	-0.08839419601
4370	-0.08839256486
4371	-0.08839131014
4372	-0.08838918467
4373	-0.08838755451
4374	-0.08838604682
4375	-0.08838507902
4376	-0.08838097693
4377	-0.08837972724
4378	-0.08837806049
4379	-0.08837397729
4380	-0.08837234202
4381	-0.08837062016
4382	-0.08836965088
4383	-0.08836708058
4384	-0.08836624434
4385	-0.088365559
4386	-0.08836389297
4387	-0.08836305109
4388	-0.08836134507
4389	-0.08836088147
4390	-0.08835966455
4391	-0.08835884922
4392	-0.08835591861
4393	-0.08835470181
4394	-0.088353237
4395	-0.0883523665
4396	-0.08835162249
4397	-0.08835046953
4398	-0.08835009917
4399	-0.0883482469
4400	-0.08834735649
4401	-0.08834569275
4402	-0.08834530145
4403	-0.08834321416
4404	-0.08834223462
4405	-0.08834101203
4406	-0.08834017734
4407	-0.08833934474
4408	-0.08833904419
4409	-0.0883343602
4410	-0.0883333354
4411	-0.08833196327
4412	-0.08833064593
4413	-0.08832882955
4414	-0.0883284586
4415	-0.08832769934
4416	-0.08832498174
4417	-0.08832388166
4418	-0.08832254278
4419	-0.08832164604
4420	-0.08832067381
4421	-0.08831977201
4422	-0.0883192571
4423	-0.08831810766
4424	-0.08831354318
4425	-0.0883127476
4426	-0.08830880879
4427	-0.0883056499
4428	-0.08830456545
4429	-0.08830184288
4430	-0.08830060087
4431	-0.08829957965
4432	-0.08829913637
4433	-0.08829715381
4434	-0.08829664533
4435	-0.08829616725
4436	-0.08829539434
4437	-0.08829411092
4438	-0.08829256138
4439	-0.08829157684
4440	-0.08828987498
4441	-0.08828791799
4442	-0.08828707673
4443	-0.08828649306
4444	-0.08828581781
4445	-0.08828482652
4446	-0.08828370089
4447	-0.08828247557
4448	-0.08828088532
4449	-0.08827620154
4450	-0.08827518476
4451	-0.08827457276
4452	-0.08827316256
4453	-0.0882712268
4454	-0.08827013414
4455	-0.08826889392
4456	-0.08826770628
4457	-0.08826621627
4458	-0.08826393214
4459	-0.08826304372
4460	-0.08826242547
4461	-0.08826152194
4462	-0.08826104484
4463	-0.08826017033
4464	-0.08825912254
4465	-0.0882583084
4466	-0.08825755052
4467	-0.08825488782
4468	-0.08825366305
4469	-0.08825268913
4470	-0.08825190746
4471	-0.08825104984
4472	-0.08825062886
4473	-0.08824896663
4474	-0.08824633591
4475	-0.08824585987
4476	-0.08824388533
4477	-0.08824264255
4478	-0.08824169349
4479	-0.0882376513
4480	-0.08823679706
4481	-0.08823521484
4482	-0.08823383261
4483	-0.08823121554
4484	-0.08822992707
4485	-0.08822926312
4486	-0.08822785343
4487	-0.0882267047
4488	-0.08822576946
4489	-0.08822370152
4490	-0.08822327352
4491	-0.08822196912
4492	-0.08822088324
4493	-0.08821905109
4494	-0.08821499743
4495	-0.0882141801
4496	-0.08821369629
4497	-0.08821303788
4498	-0.08821112515
4499	-0.08820847711
4500	-0.08820749783
4501	-0.08820505097
4502	-0.08820406773
4503	-0.08820283295
4504	-0.08819928576
4505	-0.08819800772
4506	-0.08819504412
4507	-0.08819205254
4508	-0.08819048191
4509	-0.08818869385
4510	-0.0881873317
4511	-0.08818503706
4512	-0.08818379665
4513	-0.08818145933
4514	-0.0881803645
4515	-0.08817928757
4516	-0.08817803419
4517	-0.08817696388
4518	-0.08817592713
4519	-0.08817469145
4520	-0.08817347058
4521	-0.08817289531
4522	-0.08817189872
4523	-0.08817061303
4524	-0.08816871804
4525	-0.08816732738
4526	-0.08816602593
4527	-0.08816486048
4528	-0.08816384032
4529	-0.08815991559
4530	-0.08815836959
4531	-0.08815775842
4532	-0.08815607113
4533	-0.0881531535
4534	-0.08815000067
4535	-0.08814690672
4536	-0.08814412483
4537	-0.08814210356
4538	-0.08814130347
4539	-0.08814026508
4540	-0.08813940291
4541	-0.08813833297
4542	-0.08813714354
4543	-0.08813679308
4544	-0.08813535311
4545	-0.08813413133
4546	-0.08813359338
4547	-0.08813280639
4548	-0.08813179874
4549	-0.08813049099
4550	-0.08812998702
4551	-0.08812942304
4552	-0.08812806896
4553	-0.08812607798
4554	-0.08812543815
4555	-0.08812351431
4556	-0.08812314454
4557	-0.08812147053
4558	-0.0881199209
4559	-0.0881185478
4560	-0.08811662632
4561	-0.08811512932
4562	-0.08811093999
4563	-0.08810966756
4564	-0.08810925839
4565	-0.08810796197
4566	-0.08810539938
4567	-0.08810424579
4568	-0.08810216147
4569	-0.0881011692
4570	-0.08809986487
4571	-0.08809910541
4572	-0.08809736711
4573	-0.08809154423
4574	-0.08809067573
4575	-0.08808968553
4576	-0.08808924204
4577	-0.08808843588
4578	-0.08808704761
4579	-0.08808533742
4580	-0.08808444526
4581	-0.08808265072
4582	-0.08807993034
4583	-0.08807913825
4584	-0.08807756576
4585	-0.08807643033
4586	-0.08807553775
4587	-0.08807457934
4588	-0.08807347412
4589	-0.08807266396
4590	-0.08807028583
4591	-0.08806923786
4592	-0.08806815234
4593	-0.08806748211
4594	-0.08806618442
4595	-0.08806433292
4596	-0.08806239693
4597	-0.08806112374
4598	-0.08805947132
4599	-0.0880571379
4600	-0.08805533687
4601	-0.08805430833
4602	-0.08805317194
4603	-0.0880502067
4604	-0.08804856299
4605	-0.08804787563
4606	-0.08804605936
4607	-0.08804354522
4608	-0.08804271157
4609	-0.08804221232
4610	-0.0880410256
4611	-0.08803978595
4612	-0.08803788901
4613	-0.08803669467
4614	-0.08803635643
4615	-0.0880354453
4616	-0.08803420515
4617	-0.08803344828
4618	-0.0880306059
4619	-0.0880301275
4620	-0.08802869674
4621	-0.08802751133
4622	-0.08802692137
4623	-0.08802576817
4624	-0.08802324772
4625	-0.08802254296
4626	-0.08802132641
4627	-0.08801950618
4628	-0.08801754751
4629	-0.08801583989
4630	-0.08801465529
4631	-0.08801350292
4632	-0.08801276679
4633	-0.08801161304
4634	-0.08801062962
4635	-0.08800982181
4636	-0.08800886449
4637	-0.08800600297
4638	-0.08800300499
4639	-0.08800156368
4640	-0.08800105278
4641	-0.08799896708
4642	-0.08799755618
4643	-0.08799546016
4644	-0.08799387335
4645	-0.08799341481
4646	-0.08799283395
4647	-0.08799187327
4648	-0.08799058567
4649	-0.08798953608
4650	-0.0879890308
4651	-0.08798714616
4652	-0.08798546004
4653	-0.08798343038
4654	-0.08798039035
4655	-0.08797833849
4656	-0.08797768074
4657	-0.08797602762
4658	-0.0879744868
4659	-0.08797230387
4660	-0.08797057315
4661	-0.08796967663
4662	-0.08796898533
4663	-0.08796835176
4664	-0.08796746121
4665	-0.08796680406
4666	-0.08796527448
4667	-0.0879635307
4668	-0.08796293795
4669	-0.08796220644
4670	-0.08795995835
4671	-0.08795941824
4672	-0.08795550456
4673	-0.08795386172
4674	-0.08795274337
4675	-0.08795189499
4676	-0.08795060291
4677	-0.08794953179
4678	-0.08794805353
4679	-0.08794675912
4680	-0.08794591562
4681	-0.08794209001
4682	-0.08794086159
4683	-0.08793970501
4684	-0.08793873818
4685	-0.08793694666
4686	-0.08793654945
4687	-0.08793581952
4688	-0.0879347633
4689	-0.08793386133
4690	-0.08793268338
4691	-0.08793158877
4692	-0.08793004355
4693	-0.08792818136
4694	-0.08792733104
4695	-0.08792656569
4696	-0.08792487921
4697	-0.08792450727
4698	-0.08792377701
4699	-0.0879216987
4700	-0.08792124277
4701	-0.08791968288
4702	-0.08791919279
4703	-0.0879182266
4704	-0.08791725407
4705	-0.08791675728
4706	-0.08791597977
4707	-0.08791479723
4708	-0.08791303368
4709	-0.08791197744
4710	-0.08791049296
4711	-0.08790967227
4712	-0.08790815488
4713	-0.08790700855
4714	-0.08790589868
4715	-0.0879029744
4716	-0.08790202402
4717	-0.08790121252
4718	-0.08789993758
4719	-0.08789918964
4720	-0.08789663257
4721	-0.08789489784
4722	-0.08789412399
4723	-0.08789338141
4724	-0.08789165582
4725	-0.08788806166
4726	-0.08788734654
4727	-0.0878863923
4728	-0.08788558659
4729	-0.08788506891
4730	-0.08788361795
4731	-0.08788042465
4732	-0.08787763579
4733	-0.08787630294
4734	-0.08787491185
4735	-0.08787317415
4736	-0.08787260291
4737	-0.08787180467
4738	-0.08786959738
4739	-0.08786910891
4740	-0.08786809966
4741	-0.08786435111
4742	-0.08786323554
4743	-0.08786045295
4744	-0.08785924614
4745	-0.08785864317
4746	-0.08785770422
4747	-0.08785692799
4748	-0.0878553364
4749	-0.08785361887
4750	-0.08785304718
4751	-0.08784867532
4752	-0.08784745905
4753	-0.08784638089
4754	-0.08784519593
4755	-0.0878442393
4756	-0.08784306547
4757	-0.0878409175
4758	-0.08784038869
4759	-0.08783943423
4760	-0.08783876857
4761	-0.08783783812
4762	-0.08783698343
4763	-0.08783524736
4764	-0.08783265651
4765	-0.08783117995
4766	-0.0878296585
4767	-0.08782855407
4768	-0.08782710245
4769	-0.08782626428
4770	-0.08782547426
4771	-0.08782446718
4772	-0.08782329855
4773	-0.08782224233
4774	-0.0878215517
4775	-0.08782114036
4776	-0.08782057583
4777	-0.08782035424
4778	-0.08781919977
4779	-0.08781817323
4780	-0.08781765502
4781	-0.08781513007
4782	-0.08781453532
4783	-0.08781413153
4784	-0.08781352271
4785	-0.08781262005
4786	-0.08781156599
4787	-0.08781007187
4788	-0.08780923335
4789	-0.08780721468
4790	-0.08780306155
4791	-0.08779961988
4792	-0.08779803736
4793	-0.08779734984
4794	-0.08779586845
4795	-0.08779524837
4796	-0.08779344119
4797	-0.08779239591
4798	-0.08779102769
4799	-0.08779002687
4800	-0.087789206
4801	-0.08778803283
4802	-0.08778677026
4803	-0.08778345809
4804	-0.08778291904
4805	-0.08778192041
4806	-0.08778062613
4807	-0.08778023346
4808	-0.08777937943
4809	-0.08777860883
4810	-0.08777782628
4811	-0.0877768938
4812	-0.08777603005
4813	-0.0877746583
4814	-0.08777362029
4815	-0.08777309973
4816	-0.08777240873
4817	-0.08777130718
4818	-0.08776699598
4819	-0.08776606909
4820	-0.08776544427
4821	-0.08776227704
4822	-0.08776127588
4823	-0.08776062019
4824	-0.08775937146
4825	-0.08775884271
4826	-0.087757085
4827	-0.08775610967
4828	-0.08775570195
4829	-0.08775449206
4830	-0.08775386224
